history:UCC_Compressor_Data/Element 1 Outlet Temperature_COMP2,,,
01-Jan-15 12:00 AM GMT  to  25-Aug-15 3:43 PM BST,,,
,,,
Timestamp,Trend Flags,Status,Value (°C)
22-Aug-15 4:30:00 AM BST,{ },{ok},116.4 °C
22-Aug-15 4:35:00 AM BST,{ },{ok},115.8 °C
22-Aug-15 4:40:00 AM BST,{ },{ok},118.3 °C
22-Aug-15 4:45:00 AM BST,{ },{ok},116.4 °C
22-Aug-15 4:50:00 AM BST,{ },{ok},132.3 °C
22-Aug-15 4:55:00 AM BST,{ },{ok},117.7 °C
22-Aug-15 5:00:00 AM BST,{ },{ok},115.8 °C
22-Aug-15 5:05:00 AM BST,{ },{ok},113.9 °C
22-Aug-15 5:10:00 AM BST,{ },{ok},134.9 °C
22-Aug-15 5:15:00 AM BST,{ },{ok},117.1 °C
22-Aug-15 5:20:00 AM BST,{ },{ok},109.4 °C
22-Aug-15 5:25:00 AM BST,{ },{ok},123.4 °C
22-Aug-15 5:30:00 AM BST,{ },{ok},117.1 °C
22-Aug-15 5:35:00 AM BST,{ },{ok},119.0 °C
22-Aug-15 5:40:00 AM BST,{ },{ok},116.4 °C
22-Aug-15 5:45:00 AM BST,{ },{ok},127.2 °C
22-Aug-15 5:50:00 AM BST,{ },{ok},119.0 °C
22-Aug-15 5:55:00 AM BST,{ },{ok},123.4 °C
22-Aug-15 6:00:00 AM BST,{ },{ok},120.9 °C
22-Aug-15 6:05:00 AM BST,{ },{ok},116.4 °C
22-Aug-15 6:10:00 AM BST,{ },{ok},115.8 °C
22-Aug-15 6:15:00 AM BST,{ },{ok},133.6 °C
22-Aug-15 6:20:00 AM BST,{ },{ok},117.7 °C
22-Aug-15 6:25:00 AM BST,{ },{ok},91.0 °C
22-Aug-15 6:30:00 AM BST,{ },{ok},82.1 °C
22-Aug-15 6:35:00 AM BST,{ },{ok},117.1 °C
22-Aug-15 6:40:00 AM BST,{ },{ok},126.0 °C
22-Aug-15 6:45:00 AM BST,{ },{ok},122.1 °C
22-Aug-15 6:50:00 AM BST,{ },{ok},116.4 °C
22-Aug-15 6:55:00 AM BST,{ },{ok},131.0 °C
22-Aug-15 7:00:00 AM BST,{ },{ok},121.5 °C
22-Aug-15 7:05:00 AM BST,{ },{ok},137.4 °C
22-Aug-15 7:10:00 AM BST,{ },{ok},126.6 °C
22-Aug-15 7:15:00 AM BST,{ },{ok},117.7 °C
22-Aug-15 7:20:00 AM BST,{ },{ok},135.5 °C
22-Aug-15 7:25:00 AM BST,{ },{ok},126.6 °C
22-Aug-15 7:30:00 AM BST,{ },{ok},117.1 °C
22-Aug-15 7:35:00 AM BST,{ },{ok},97.3 °C
22-Aug-15 7:40:00 AM BST,{ },{ok},118.3 °C
22-Aug-15 7:45:00 AM BST,{ },{ok},122.8 °C
22-Aug-15 7:50:00 AM BST,{ },{ok},131.7 °C
22-Aug-15 7:55:00 AM BST,{ },{ok},122.8 °C
22-Aug-15 8:00:00 AM BST,{ },{ok},116.4 °C
22-Aug-15 8:05:00 AM BST,{ },{ok},119.0 °C
22-Aug-15 8:10:00 AM BST,{ },{ok},117.7 °C
22-Aug-15 8:15:00 AM BST,{ },{ok},138.0 °C
22-Aug-15 8:20:00 AM BST,{ },{ok},117.1 °C
22-Aug-15 8:25:00 AM BST,{ },{ok},116.4 °C
22-Aug-15 8:30:00 AM BST,{ },{ok},137.4 °C
22-Aug-15 8:35:00 AM BST,{ },{ok},119.0 °C
22-Aug-15 8:40:00 AM BST,{ },{ok},117.7 °C
22-Aug-15 8:45:00 AM BST,{ },{ok},138.0 °C
22-Aug-15 8:50:00 AM BST,{ },{ok},119.6 °C
22-Aug-15 8:55:00 AM BST,{ },{ok},117.1 °C
22-Aug-15 9:00:00 AM BST,{ },{ok},115.8 °C
22-Aug-15 9:05:00 AM BST,{ },{ok},119.0 °C
22-Aug-15 9:10:00 AM BST,{ },{ok},117.1 °C
22-Aug-15 9:15:00 AM BST,{ },{ok},138.0 °C
22-Aug-15 9:20:00 AM BST,{ },{ok},118.3 °C
22-Aug-15 9:25:00 AM BST,{ },{ok},117.7 °C
22-Aug-15 9:30:00 AM BST,{ },{ok},142.5 °C
22-Aug-15 9:35:00 AM BST,{ },{ok},123.4 °C
22-Aug-15 9:40:00 AM BST,{ },{ok},131.0 °C
22-Aug-15 9:45:00 AM BST,{ },{ok},129.8 °C
22-Aug-15 9:50:00 AM BST,{ },{ok},137.4 °C
22-Aug-15 9:55:00 AM BST,{ },{ok},118.3 °C
22-Aug-15 10:00:00 AM BST,{ },{ok},125.3 °C
22-Aug-15 10:05:00 AM BST,{ },{ok},105.6 °C
22-Aug-15 10:10:00 AM BST,{ },{ok},97.3 °C
22-Aug-15 10:15:00 AM BST,{ },{ok},126.0 °C
22-Aug-15 10:20:00 AM BST,{ },{ok},117.7 °C
22-Aug-15 10:25:00 AM BST,{ },{ok},117.1 °C
22-Aug-15 10:30:00 AM BST,{ },{ok},123.4 °C
22-Aug-15 10:35:00 AM BST,{ },{ok},118.3 °C
22-Aug-15 10:40:00 AM BST,{ },{ok},117.1 °C
22-Aug-15 10:45:00 AM BST,{ },{ok},106.2 °C
22-Aug-15 10:50:00 AM BST,{ },{ok},120.9 °C
22-Aug-15 10:55:00 AM BST,{ },{ok},117.7 °C
22-Aug-15 11:00:00 AM BST,{ },{ok},134.2 °C
22-Aug-15 11:05:00 AM BST,{ },{ok},118.3 °C
22-Aug-15 11:10:00 AM BST,{ },{ok},124.0 °C
22-Aug-15 11:15:00 AM BST,{ },{ok},119.6 °C
22-Aug-15 11:20:00 AM BST,{ },{ok},117.7 °C
22-Aug-15 11:25:00 AM BST,{ },{ok},122.8 °C
22-Aug-15 11:30:00 AM BST,{ },{ok},134.2 °C
22-Aug-15 11:35:00 AM BST,{ },{ok},119.6 °C
22-Aug-15 11:40:00 AM BST,{ },{ok},121.5 °C
22-Aug-15 11:45:00 AM BST,{ },{ok},103.7 °C
22-Aug-15 11:50:00 AM BST,{ },{ok},131.0 °C
22-Aug-15 11:55:00 AM BST,{ },{ok},118.3 °C
22-Aug-15 12:00:00 PM BST,{ },{ok},120.9 °C
22-Aug-15 12:05:00 PM BST,{ },{ok},119.0 °C
22-Aug-15 12:10:00 PM BST,{ },{ok},119.6 °C
22-Aug-15 12:15:00 PM BST,{ },{ok},112.6 °C
22-Aug-15 12:20:00 PM BST,{ },{ok},126.6 °C
22-Aug-15 12:25:00 PM BST,{ },{ok},120.9 °C
22-Aug-15 12:30:00 PM BST,{ },{ok},117.7 °C
22-Aug-15 12:35:00 PM BST,{ },{ok},125.3 °C
22-Aug-15 12:40:00 PM BST,{ },{ok},122.1 °C
22-Aug-15 12:45:00 PM BST,{ },{ok},121.5 °C
22-Aug-15 12:50:00 PM BST,{ },{ok},122.8 °C
22-Aug-15 12:55:00 PM BST,{ },{ok},119.0 °C
22-Aug-15 1:00:00 PM BST,{ },{ok},109.4 °C
22-Aug-15 1:05:00 PM BST,{ },{ok},143.8 °C
22-Aug-15 1:10:00 PM BST,{ },{ok},105.0 °C
22-Aug-15 1:15:00 PM BST,{ },{ok},130.4 °C
22-Aug-15 1:20:00 PM BST,{ },{ok},129.1 °C
22-Aug-15 1:25:00 PM BST,{ },{ok},125.3 °C
22-Aug-15 1:30:00 PM BST,{ },{ok},105.6 °C
22-Aug-15 1:35:00 PM BST,{ },{ok},123.4 °C
22-Aug-15 1:40:00 PM BST,{ },{ok},120.2 °C
22-Aug-15 1:45:00 PM BST,{ },{ok},124.0 °C
22-Aug-15 1:50:00 PM BST,{ },{ok},119.6 °C
22-Aug-15 1:55:00 PM BST,{ },{ok},126.6 °C
22-Aug-15 2:00:00 PM BST,{ },{ok},122.1 °C
22-Aug-15 2:05:00 PM BST,{ },{ok},138.7 °C
22-Aug-15 2:10:00 PM BST,{ },{ok},119.0 °C
22-Aug-15 2:15:00 PM BST,{ },{ok},134.9 °C
22-Aug-15 2:20:00 PM BST,{ },{ok},119.0 °C
22-Aug-15 2:25:00 PM BST,{ },{ok},99.9 °C
22-Aug-15 2:30:00 PM BST,{ },{ok},138.7 °C
22-Aug-15 2:35:00 PM BST,{ },{ok},129.1 °C
22-Aug-15 2:40:00 PM BST,{ },{ok},120.9 °C
22-Aug-15 2:45:00 PM BST,{ },{ok},140.6 °C
22-Aug-15 2:50:00 PM BST,{ },{ok},116.4 °C
22-Aug-15 2:55:00 PM BST,{ },{ok},101.2 °C
22-Aug-15 3:00:00 PM BST,{ },{ok},126.0 °C
22-Aug-15 3:05:00 PM BST,{ },{ok},120.9 °C
22-Aug-15 3:10:00 PM BST,{ },{ok},122.1 °C
22-Aug-15 3:15:00 PM BST,{ },{ok},140.6 °C
22-Aug-15 3:20:00 PM BST,{ },{ok},122.1 °C
22-Aug-15 3:25:00 PM BST,{ },{ok},120.2 °C
22-Aug-15 3:30:00 PM BST,{ },{ok},127.9 °C
22-Aug-15 3:35:00 PM BST,{ },{ok},120.2 °C
22-Aug-15 3:40:00 PM BST,{ },{ok},139.3 °C
22-Aug-15 3:45:00 PM BST,{ },{ok},120.2 °C
22-Aug-15 3:50:00 PM BST,{ },{ok},112.0 °C
22-Aug-15 3:55:00 PM BST,{ },{ok},122.1 °C
22-Aug-15 4:00:00 PM BST,{ },{ok},108.2 °C
22-Aug-15 4:05:00 PM BST,{ },{ok},94.2 °C
22-Aug-15 4:10:00 PM BST,{ },{ok},131.7 °C
22-Aug-15 4:15:00 PM BST,{ },{ok},122.1 °C
22-Aug-15 4:20:00 PM BST,{ },{ok},121.5 °C
22-Aug-15 4:25:00 PM BST,{ },{ok},122.1 °C
22-Aug-15 4:30:00 PM BST,{ },{ok},131.0 °C
22-Aug-15 4:35:00 PM BST,{ },{ok},120.2 °C
22-Aug-15 4:40:00 PM BST,{ },{ok},120.9 °C
22-Aug-15 4:45:00 PM BST,{ },{ok},99.2 °C
22-Aug-15 4:50:00 PM BST,{ },{ok},99.9 °C
22-Aug-15 4:55:00 PM BST,{ },{ok},122.1 °C
22-Aug-15 5:00:00 PM BST,{ },{ok},137.4 °C
22-Aug-15 5:05:00 PM BST,{ },{ok},120.9 °C
22-Aug-15 5:10:00 PM BST,{ },{ok},101.8 °C
22-Aug-15 5:15:00 PM BST,{ },{ok},122.1 °C
22-Aug-15 5:20:00 PM BST,{ },{ok},119.6 °C
22-Aug-15 5:25:00 PM BST,{ },{ok},118.3 °C
22-Aug-15 5:30:00 PM BST,{ },{ok},113.9 °C
22-Aug-15 5:35:00 PM BST,{ },{ok},119.6 °C
22-Aug-15 5:40:00 PM BST,{ },{ok},92.3 °C
22-Aug-15 5:45:00 PM BST,{ },{ok},123.4 °C
22-Aug-15 5:50:00 PM BST,{ },{ok},146.9 °C
22-Aug-15 5:55:00 PM BST,{ },{ok},130.4 °C
22-Aug-15 6:00:00 PM BST,{ },{ok},145.0 °C
22-Aug-15 6:05:00 PM BST,{ },{ok},122.1 °C
22-Aug-15 6:10:00 PM BST,{ },{ok},105.6 °C
22-Aug-15 6:15:00 PM BST,{ },{ok},106.9 °C
22-Aug-15 6:20:00 PM BST,{ },{ok},120.2 °C
22-Aug-15 6:25:00 PM BST,{ },{ok},118.3 °C
22-Aug-15 6:30:00 PM BST,{ },{ok},117.1 °C
22-Aug-15 6:35:00 PM BST,{ },{ok},121.5 °C
22-Aug-15 6:40:00 PM BST,{ },{ok},116.4 °C
22-Aug-15 6:45:00 PM BST,{ },{ok},130.4 °C
22-Aug-15 6:50:00 PM BST,{ },{ok},119.6 °C
22-Aug-15 6:55:00 PM BST,{ },{ok},132.9 °C
22-Aug-15 7:00:00 PM BST,{ },{ok},120.9 °C
22-Aug-15 7:05:00 PM BST,{ },{ok},121.5 °C
22-Aug-15 7:10:00 PM BST,{ },{ok},98.0 °C
22-Aug-15 7:15:00 PM BST,{ },{ok},136.8 °C
22-Aug-15 7:20:00 PM BST,{ },{ok},120.2 °C
22-Aug-15 7:25:00 PM BST,{ },{ok},134.2 °C
22-Aug-15 7:30:00 PM BST,{ },{ok},135.5 °C
22-Aug-15 7:35:00 PM BST,{ },{ok},119.0 °C
22-Aug-15 7:40:00 PM BST,{ },{ok},96.1 °C
22-Aug-15 7:45:00 PM BST,{ },{ok},99.2 °C
22-Aug-15 7:50:00 PM BST,{ },{ok},119.0 °C
22-Aug-15 7:55:00 PM BST,{ },{ok},96.1 °C
22-Aug-15 8:00:00 PM BST,{ },{ok},122.1 °C
22-Aug-15 8:05:00 PM BST,{ },{ok},129.8 °C
22-Aug-15 8:10:00 PM BST,{ },{ok},113.9 °C
22-Aug-15 8:15:00 PM BST,{ },{ok},107.5 °C
22-Aug-15 8:20:00 PM BST,{ },{ok},134.9 °C
22-Aug-15 8:25:00 PM BST,{ },{ok},119.6 °C
22-Aug-15 8:30:00 PM BST,{ },{ok},117.1 °C
22-Aug-15 8:35:00 PM BST,{ },{ok},119.6 °C
22-Aug-15 8:40:00 PM BST,{ },{ok},122.8 °C
22-Aug-15 8:45:00 PM BST,{ },{ok},119.0 °C
22-Aug-15 8:50:00 PM BST,{ },{ok},117.1 °C
22-Aug-15 8:55:00 PM BST,{ },{ok},129.8 °C
22-Aug-15 9:00:00 PM BST,{ },{ok},124.7 °C
22-Aug-15 9:05:00 PM BST,{ },{ok},117.7 °C
22-Aug-15 9:10:00 PM BST,{ },{ok},126.0 °C
22-Aug-15 9:15:00 PM BST,{ },{ok},125.3 °C
22-Aug-15 9:20:00 PM BST,{ },{ok},134.2 °C
22-Aug-15 9:25:00 PM BST,{ },{ok},119.6 °C
22-Aug-15 9:30:00 PM BST,{ },{ok},110.7 °C
22-Aug-15 9:35:00 PM BST,{ },{ok},108.8 °C
22-Aug-15 9:40:00 PM BST,{ },{ok},119.0 °C
22-Aug-15 9:45:00 PM BST,{ },{ok},117.1 °C
22-Aug-15 9:50:00 PM BST,{ },{ok},116.4 °C
22-Aug-15 9:55:00 PM BST,{ },{ok},123.4 °C
22-Aug-15 10:00:00 PM BST,{ },{ok},120.9 °C
22-Aug-15 10:05:00 PM BST,{ },{ok},117.7 °C
22-Aug-15 10:10:00 PM BST,{ },{ok},102.4 °C
22-Aug-15 10:15:00 PM BST,{ },{ok},131.7 °C
22-Aug-15 10:20:00 PM BST,{ },{ok},126.6 °C
22-Aug-15 10:25:00 PM BST,{ },{ok},119.6 °C
22-Aug-15 10:30:00 PM BST,{ },{ok},127.9 °C
22-Aug-15 10:35:00 PM BST,{ },{ok},116.4 °C
22-Aug-15 10:40:00 PM BST,{ },{ok},100.5 °C
22-Aug-15 10:45:00 PM BST,{ },{ok},103.7 °C
22-Aug-15 10:50:00 PM BST,{ },{ok},117.7 °C
22-Aug-15 10:55:00 PM BST,{ },{ok},98.6 °C
22-Aug-15 11:00:00 PM BST,{ },{ok},120.2 °C
22-Aug-15 11:05:00 PM BST,{ },{ok},117.7 °C
22-Aug-15 11:10:00 PM BST,{ },{ok},124.7 °C
22-Aug-15 11:15:00 PM BST,{ },{ok},118.3 °C
22-Aug-15 11:20:00 PM BST,{ },{ok},120.2 °C
22-Aug-15 11:25:00 PM BST,{ },{ok},117.7 °C
22-Aug-15 11:30:00 PM BST,{ },{ok},116.4 °C
22-Aug-15 11:35:00 PM BST,{ },{ok},118.3 °C
22-Aug-15 11:40:00 PM BST,{ },{ok},126.0 °C
22-Aug-15 11:45:00 PM BST,{ },{ok},128.5 °C
22-Aug-15 11:50:00 PM BST,{ },{ok},116.4 °C
22-Aug-15 11:55:00 PM BST,{ },{ok},117.7 °C
23-Aug-15 12:00:00 AM BST,{ },{ok},117.1 °C
23-Aug-15 12:05:00 AM BST,{ },{ok},115.8 °C
23-Aug-15 12:10:00 AM BST,{ },{ok},127.9 °C
23-Aug-15 12:15:00 AM BST,{ },{ok},125.3 °C
23-Aug-15 12:20:00 AM BST,{ },{ok},106.9 °C
23-Aug-15 12:25:00 AM BST,{ },{ok},134.2 °C
23-Aug-15 12:30:00 AM BST,{ },{ok},126.0 °C
23-Aug-15 12:35:00 AM BST,{ },{ok},117.7 °C
23-Aug-15 12:40:00 AM BST,{ },{ok},120.2 °C
23-Aug-15 12:45:00 AM BST,{ },{ok},116.4 °C
23-Aug-15 12:50:00 AM BST,{ },{ok},115.8 °C
23-Aug-15 12:55:00 AM BST,{ },{ok},127.2 °C
23-Aug-15 1:00:00 AM BST,{ },{ok},110.1 °C
23-Aug-15 1:05:00 AM BST,{ },{ok},119.0 °C
23-Aug-15 1:10:00 AM BST,{ },{ok},120.9 °C
23-Aug-15 1:15:00 AM BST,{ },{ok},117.1 °C
23-Aug-15 1:20:00 AM BST,{ },{ok},141.2 °C
23-Aug-15 1:25:00 AM BST,{ },{ok},113.9 °C
23-Aug-15 1:30:00 AM BST,{ },{ok},119.6 °C
23-Aug-15 1:35:00 AM BST,{ },{ok},87.8 °C
23-Aug-15 1:40:00 AM BST,{ },{ok},96.7 °C
23-Aug-15 1:45:00 AM BST,{ },{ok},131.7 °C
23-Aug-15 1:50:00 AM BST,{ },{ok},117.7 °C
23-Aug-15 1:55:00 AM BST,{ },{ok},126.6 °C
23-Aug-15 2:00:00 AM BST,{ },{ok},124.0 °C
23-Aug-15 2:05:00 AM BST,{ },{ok},129.8 °C
23-Aug-15 2:10:00 AM BST,{ },{ok},129.8 °C
23-Aug-15 2:15:00 AM BST,{ },{ok},117.7 °C
23-Aug-15 2:20:00 AM BST,{ },{ok},119.6 °C
23-Aug-15 2:25:00 AM BST,{ },{ok},107.5 °C
23-Aug-15 2:30:00 AM BST,{ },{ok},124.0 °C
23-Aug-15 2:35:00 AM BST,{ },{ok},98.6 °C
23-Aug-15 2:40:00 AM BST,{ },{ok},94.2 °C
23-Aug-15 2:45:00 AM BST,{ },{ok},121.5 °C
23-Aug-15 2:50:00 AM BST,{ },{ok},104.3 °C
23-Aug-15 2:55:00 AM BST,{ },{ok},124.0 °C
23-Aug-15 3:00:00 AM BST,{ },{ok},116.4 °C
23-Aug-15 3:05:00 AM BST,{ },{ok},119.0 °C
23-Aug-15 3:10:00 AM BST,{ },{ok},117.1 °C
23-Aug-15 3:15:00 AM BST,{ },{ok},124.7 °C
23-Aug-15 3:20:00 AM BST,{ },{ok},98.0 °C
23-Aug-15 3:25:00 AM BST,{ },{ok},121.5 °C
23-Aug-15 3:30:00 AM BST,{ },{ok},120.9 °C
23-Aug-15 3:35:00 AM BST,{ },{ok},117.1 °C
23-Aug-15 3:40:00 AM BST,{ },{ok},115.8 °C
23-Aug-15 3:45:00 AM BST,{ },{ok},125.3 °C
23-Aug-15 3:50:00 AM BST,{ },{ok},116.4 °C
23-Aug-15 3:55:00 AM BST,{ },{ok},120.9 °C
23-Aug-15 4:00:00 AM BST,{ },{ok},117.7 °C
23-Aug-15 4:05:00 AM BST,{ },{ok},134.2 °C
23-Aug-15 4:10:00 AM BST,{ },{ok},137.4 °C
23-Aug-15 4:15:00 AM BST,{ },{ok},127.2 °C
23-Aug-15 4:20:00 AM BST,{ },{ok},122.1 °C
23-Aug-15 4:25:00 AM BST,{ },{ok},132.9 °C
23-Aug-15 4:30:00 AM BST,{ },{ok},116.4 °C
23-Aug-15 4:35:00 AM BST,{ },{ok},115.1 °C
23-Aug-15 4:40:00 AM BST,{ },{ok},145.0 °C
23-Aug-15 4:45:00 AM BST,{ },{ok},118.3 °C
23-Aug-15 4:50:00 AM BST,{ },{ok},113.9 °C
23-Aug-15 4:55:00 AM BST,{ },{ok},120.9 °C
23-Aug-15 5:00:00 AM BST,{ },{ok},103.7 °C
23-Aug-15 5:05:00 AM BST,{ },{ok},120.9 °C
23-Aug-15 5:10:00 AM BST,{ },{ok},132.9 °C
23-Aug-15 5:15:00 AM BST,{ },{ok},117.7 °C
23-Aug-15 5:20:00 AM BST,{ },{ok},115.1 °C
23-Aug-15 5:25:00 AM BST,{ },{ok},119.6 °C
23-Aug-15 5:30:00 AM BST,{ },{ok},113.2 °C
23-Aug-15 5:35:00 AM BST,{ },{ok},137.4 °C
23-Aug-15 5:40:00 AM BST,{ },{ok},117.1 °C
23-Aug-15 5:45:00 AM BST,{ },{ok},106.2 °C
23-Aug-15 5:50:00 AM BST,{ },{ok},119.6 °C
23-Aug-15 5:55:00 AM BST,{ },{ok},127.9 °C
23-Aug-15 6:00:00 AM BST,{ },{ok},116.4 °C
23-Aug-15 6:05:00 AM BST,{ },{ok},115.1 °C
23-Aug-15 6:10:00 AM BST,{ },{ok},119.6 °C
23-Aug-15 6:15:00 AM BST,{ },{ok},135.5 °C
23-Aug-15 6:20:00 AM BST,{ },{ok},131.7 °C
23-Aug-15 6:25:00 AM BST,{ },{ok},117.1 °C
23-Aug-15 6:30:00 AM BST,{ },{ok},99.9 °C
23-Aug-15 6:35:00 AM BST,{ },{ok},82.1 °C
23-Aug-15 6:40:00 AM BST,{ },{ok},117.1 °C
23-Aug-15 6:45:00 AM BST,{ },{ok},119.6 °C
23-Aug-15 6:50:00 AM BST,{ },{ok},99.9 °C
23-Aug-15 6:55:00 AM BST,{ },{ok},118.3 °C
23-Aug-15 7:00:00 AM BST,{ },{ok},94.8 °C
23-Aug-15 7:05:00 AM BST,{ },{ok},108.8 °C
23-Aug-15 7:10:00 AM BST,{ },{ok},140.6 °C
23-Aug-15 7:15:00 AM BST,{ },{ok},99.2 °C
23-Aug-15 7:20:00 AM BST,{ },{ok},132.3 °C
23-Aug-15 7:25:00 AM BST,{ },{ok},117.1 °C
23-Aug-15 7:30:00 AM BST,{ },{ok},105.0 °C
23-Aug-15 7:35:00 AM BST,{ },{ok},118.3 °C
23-Aug-15 7:40:00 AM BST,{ },{ok},95.4 °C
23-Aug-15 7:45:00 AM BST,{ },{ok},131.0 °C
23-Aug-15 7:50:00 AM BST,{ },{ok},113.9 °C
23-Aug-15 7:55:00 AM BST,{ },{ok},125.3 °C
23-Aug-15 8:00:00 AM BST,{ },{ok},120.2 °C
23-Aug-15 8:05:00 AM BST,{ },{ok},115.8 °C
23-Aug-15 8:10:00 AM BST,{ },{ok},118.3 °C
23-Aug-15 8:15:00 AM BST,{ },{ok},126.0 °C
23-Aug-15 8:20:00 AM BST,{ },{ok},117.1 °C
23-Aug-15 8:25:00 AM BST,{ },{ok},119.0 °C
23-Aug-15 8:30:00 AM BST,{ },{ok},115.8 °C
23-Aug-15 8:35:00 AM BST,{ },{ok},117.7 °C
23-Aug-15 8:40:00 AM BST,{ },{ok},137.4 °C
23-Aug-15 8:45:00 AM BST,{ },{ok},127.2 °C
23-Aug-15 8:50:00 AM BST,{ },{ok},113.9 °C
23-Aug-15 8:55:00 AM BST,{ },{ok},90.3 °C
23-Aug-15 9:00:00 AM BST,{ },{ok},125.3 °C
23-Aug-15 9:05:00 AM BST,{ },{ok},110.7 °C
23-Aug-15 9:10:00 AM BST,{ },{ok},119.6 °C
23-Aug-15 9:15:00 AM BST,{ },{ok},126.0 °C
23-Aug-15 9:20:00 AM BST,{ },{ok},105.6 °C
23-Aug-15 9:25:00 AM BST,{ },{ok},120.9 °C
23-Aug-15 9:30:00 AM BST,{ },{ok},117.1 °C
23-Aug-15 9:35:00 AM BST,{ },{ok},105.6 °C
23-Aug-15 9:40:00 AM BST,{ },{ok},119.6 °C
23-Aug-15 9:45:00 AM BST,{ },{ok},117.7 °C
23-Aug-15 9:50:00 AM BST,{ },{ok},117.7 °C
23-Aug-15 9:55:00 AM BST,{ },{ok},116.4 °C
23-Aug-15 10:00:00 AM BST,{ },{ok},124.7 °C
23-Aug-15 10:05:00 AM BST,{ },{ok},117.7 °C
23-Aug-15 10:10:00 AM BST,{ },{ok},116.4 °C
23-Aug-15 10:15:00 AM BST,{ },{ok},119.0 °C
23-Aug-15 10:20:00 AM BST,{ },{ok},119.0 °C
23-Aug-15 10:25:00 AM BST,{ },{ok},117.7 °C
23-Aug-15 10:30:00 AM BST,{ },{ok},133.6 °C
23-Aug-15 10:35:00 AM BST,{ },{ok},119.0 °C
23-Aug-15 10:40:00 AM BST,{ },{ok},117.1 °C
23-Aug-15 10:45:00 AM BST,{ },{ok},122.8 °C
23-Aug-15 10:50:00 AM BST,{ },{ok},119.6 °C
23-Aug-15 10:55:00 AM BST,{ },{ok},117.1 °C
23-Aug-15 11:00:00 AM BST,{ },{ok},129.8 °C
23-Aug-15 11:05:00 AM BST,{ },{ok},125.3 °C
23-Aug-15 11:10:00 AM BST,{ },{ok},120.2 °C
23-Aug-15 11:15:00 AM BST,{ },{ok},120.9 °C
23-Aug-15 11:20:00 AM BST,{ },{ok},118.3 °C
23-Aug-15 11:25:00 AM BST,{ },{ok},121.5 °C
23-Aug-15 11:30:00 AM BST,{ },{ok},117.7 °C
23-Aug-15 11:35:00 AM BST,{ },{ok},122.8 °C
23-Aug-15 11:40:00 AM BST,{ },{ok},119.6 °C
23-Aug-15 11:45:00 AM BST,{ },{ok},119.0 °C
23-Aug-15 11:50:00 AM BST,{ },{ok},117.1 °C
23-Aug-15 11:55:00 AM BST,{ },{ok},120.9 °C
23-Aug-15 12:00:00 PM BST,{ },{ok},117.7 °C
23-Aug-15 12:05:00 PM BST,{ },{ok},117.1 °C
23-Aug-15 12:10:00 PM BST,{ },{ok},120.2 °C
23-Aug-15 12:15:00 PM BST,{ },{ok},105.6 °C
23-Aug-15 12:20:00 PM BST,{ },{ok},138.7 °C
23-Aug-15 12:25:00 PM BST,{ },{ok},106.9 °C
23-Aug-15 12:30:00 PM BST,{ },{ok},120.9 °C
23-Aug-15 12:35:00 PM BST,{ },{ok},118.3 °C
23-Aug-15 12:40:00 PM BST,{ },{ok},126.0 °C
23-Aug-15 12:45:00 PM BST,{ },{ok},122.1 °C
23-Aug-15 12:50:00 PM BST,{ },{ok},119.0 °C
23-Aug-15 12:55:00 PM BST,{ },{ok},129.1 °C
23-Aug-15 1:00:00 PM BST,{ },{ok},124.7 °C
23-Aug-15 1:05:00 PM BST,{ },{ok},137.4 °C
23-Aug-15 1:10:00 PM BST,{ },{ok},122.1 °C
23-Aug-15 1:15:00 PM BST,{ },{ok},120.2 °C
23-Aug-15 1:20:00 PM BST,{ },{ok},122.1 °C
23-Aug-15 1:25:00 PM BST,{ },{ok},136.1 °C
23-Aug-15 1:30:00 PM BST,{ },{ok},119.0 °C
23-Aug-15 1:35:00 PM BST,{ },{ok},120.9 °C
23-Aug-15 1:40:00 PM BST,{ },{ok},104.3 °C
23-Aug-15 1:45:00 PM BST,{ },{ok},122.1 °C
23-Aug-15 1:50:00 PM BST,{ },{ok},122.1 °C
23-Aug-15 1:55:00 PM BST,{ },{ok},119.0 °C
23-Aug-15 2:00:00 PM BST,{ },{ok},108.8 °C
23-Aug-15 2:05:00 PM BST,{ },{ok},119.6 °C
23-Aug-15 2:10:00 PM BST,{ },{ok},118.3 °C
23-Aug-15 2:15:00 PM BST,{ },{ok},115.8 °C
23-Aug-15 2:20:00 PM BST,{ },{ok},119.0 °C
23-Aug-15 2:25:00 PM BST,{ },{ok},109.4 °C
23-Aug-15 2:30:00 PM BST,{ },{ok},136.1 °C
23-Aug-15 2:35:00 PM BST,{ },{ok},122.1 °C
23-Aug-15 2:40:00 PM BST,{ },{ok},122.8 °C
23-Aug-15 2:45:00 PM BST,{ },{ok},141.2 °C
23-Aug-15 2:50:00 PM BST,{ },{ok},120.2 °C
23-Aug-15 2:55:00 PM BST,{ },{ok},117.7 °C
23-Aug-15 3:00:00 PM BST,{ },{ok},124.0 °C
23-Aug-15 3:05:00 PM BST,{ },{ok},119.0 °C
23-Aug-15 3:10:00 PM BST,{ },{ok},117.7 °C
23-Aug-15 3:15:00 PM BST,{ },{ok},120.2 °C
23-Aug-15 3:20:00 PM BST,{ },{ok},118.3 °C
23-Aug-15 3:25:00 PM BST,{ },{ok},119.6 °C
23-Aug-15 3:30:00 PM BST,{ },{ok},124.0 °C
23-Aug-15 3:35:00 PM BST,{ },{ok},119.6 °C
23-Aug-15 3:40:00 PM BST,{ },{ok},118.3 °C
23-Aug-15 3:45:00 PM BST,{ },{ok},143.8 °C
23-Aug-15 3:50:00 PM BST,{ },{ok},155.7 °C
23-Aug-15 3:55:00 PM BST,{ },{ok},146.3 °C
23-Aug-15 4:00:00 PM BST,{ },{ok},125.3 °C
23-Aug-15 4:05:00 PM BST,{ },{ok},121.5 °C
23-Aug-15 4:10:00 PM BST,{ },{ok},122.1 °C
23-Aug-15 4:15:00 PM BST,{ },{ok},106.2 °C
23-Aug-15 4:20:00 PM BST,{ },{ok},103.1 °C
23-Aug-15 4:25:00 PM BST,{ },{ok},122.1 °C
23-Aug-15 4:30:00 PM BST,{ },{ok},132.3 °C
23-Aug-15 4:35:00 PM BST,{ },{ok},128.5 °C
23-Aug-15 4:40:00 PM BST,{ },{ok},125.3 °C
23-Aug-15 4:45:00 PM BST,{ },{ok},120.2 °C
23-Aug-15 4:50:00 PM BST,{ },{ok},120.9 °C
23-Aug-15 4:55:00 PM BST,{ },{ok},106.9 °C
23-Aug-15 5:00:00 PM BST,{ },{ok},136.8 °C
23-Aug-15 5:05:00 PM BST,{ },{ok},113.9 °C
23-Aug-15 5:10:00 PM BST,{ },{ok},94.2 °C
23-Aug-15 5:15:00 PM BST,{ },{ok},132.9 °C
23-Aug-15 5:20:00 PM BST,{ },{ok},138.0 °C
23-Aug-15 5:25:00 PM BST,{ },{ok},120.9 °C
23-Aug-15 5:30:00 PM BST,{ },{ok},106.9 °C
23-Aug-15 5:35:00 PM BST,{ },{ok},124.0 °C
23-Aug-15 5:40:00 PM BST,{ },{ok},120.9 °C
23-Aug-15 5:45:00 PM BST,{ },{ok},137.4 °C
23-Aug-15 5:50:00 PM BST,{ },{ok},121.5 °C
23-Aug-15 5:55:00 PM BST,{ },{ok},134.2 °C
23-Aug-15 6:00:00 PM BST,{ },{ok},124.7 °C
23-Aug-15 6:05:00 PM BST,{ },{ok},112.6 °C
23-Aug-15 6:10:00 PM BST,{ },{ok},90.3 °C
23-Aug-15 6:15:00 PM BST,{ },{ok},122.8 °C
23-Aug-15 6:20:00 PM BST,{ },{ok},121.5 °C
23-Aug-15 6:25:00 PM BST,{ },{ok},119.6 °C
23-Aug-15 6:30:00 PM BST,{ },{ok},139.3 °C
23-Aug-15 6:35:00 PM BST,{ },{ok},121.5 °C
23-Aug-15 6:40:00 PM BST,{ },{ok},119.0 °C
23-Aug-15 6:45:00 PM BST,{ },{ok},135.5 °C
23-Aug-15 6:50:00 PM BST,{ },{ok},127.2 °C
23-Aug-15 6:55:00 PM BST,{ },{ok},111.3 °C
23-Aug-15 7:00:00 PM BST,{ },{ok},123.4 °C
23-Aug-15 7:05:00 PM BST,{ },{ok},117.7 °C
23-Aug-15 7:10:00 PM BST,{ },{ok},122.1 °C
23-Aug-15 7:15:00 PM BST,{ },{ok},132.3 °C
23-Aug-15 7:20:00 PM BST,{ },{ok},121.5 °C
23-Aug-15 7:25:00 PM BST,{ },{ok},119.0 °C
23-Aug-15 7:30:00 PM BST,{ },{ok},129.8 °C
23-Aug-15 7:35:00 PM BST,{ },{ok},135.5 °C
23-Aug-15 7:40:00 PM BST,{ },{ok},120.2 °C
23-Aug-15 7:45:00 PM BST,{ },{ok},128.5 °C
23-Aug-15 7:50:00 PM BST,{ },{ok},120.9 °C
23-Aug-15 7:55:00 PM BST,{ },{ok},106.9 °C
23-Aug-15 8:00:00 PM BST,{ },{ok},126.0 °C
23-Aug-15 8:05:00 PM BST,{ },{ok},119.6 °C
23-Aug-15 8:10:00 PM BST,{ },{ok},119.0 °C
23-Aug-15 8:15:00 PM BST,{ },{ok},123.4 °C
23-Aug-15 8:20:00 PM BST,{ },{ok},119.0 °C
23-Aug-15 8:25:00 PM BST,{ },{ok},134.2 °C
23-Aug-15 8:30:00 PM BST,{ },{ok},125.3 °C
23-Aug-15 8:35:00 PM BST,{ },{ok},120.2 °C
23-Aug-15 8:40:00 PM BST,{ },{ok},127.2 °C
23-Aug-15 8:45:00 PM BST,{ },{ok},120.2 °C
23-Aug-15 8:50:00 PM BST,{ },{ok},111.3 °C
23-Aug-15 8:55:00 PM BST,{ },{ok},120.9 °C
23-Aug-15 9:00:00 PM BST,{ },{ok},113.2 °C
23-Aug-15 9:05:00 PM BST,{ },{ok},119.0 °C
23-Aug-15 9:10:00 PM BST,{ },{ok},124.7 °C
23-Aug-15 9:15:00 PM BST,{ },{ok},118.3 °C
23-Aug-15 9:20:00 PM BST,{ },{ok},117.1 °C
23-Aug-15 9:25:00 PM BST,{ },{ok},129.8 °C
23-Aug-15 9:30:00 PM BST,{ },{ok},123.4 °C
23-Aug-15 9:35:00 PM BST,{ },{ok},122.8 °C
23-Aug-15 9:40:00 PM BST,{ },{ok},124.0 °C
23-Aug-15 9:45:00 PM BST,{ },{ok},118.3 °C
23-Aug-15 9:50:00 PM BST,{ },{ok},119.6 °C
23-Aug-15 9:55:00 PM BST,{ },{ok},91.6 °C
23-Aug-15 10:00:00 PM BST,{ },{ok},83.4 °C
23-Aug-15 10:05:00 PM BST,{ },{ok},117.7 °C
23-Aug-15 10:10:00 PM BST,{ },{ok},92.3 °C
23-Aug-15 10:15:00 PM BST,{ },{ok},110.1 °C
23-Aug-15 10:20:00 PM BST,{ },{ok},118.3 °C
23-Aug-15 10:25:00 PM BST,{ },{ok},96.1 °C
23-Aug-15 10:30:00 PM BST,{ },{ok},89.1 °C
23-Aug-15 10:35:00 PM BST,{ },{ok},117.7 °C
23-Aug-15 10:40:00 PM BST,{ },{ok},120.9 °C
23-Aug-15 10:45:00 PM BST,{ },{ok},116.4 °C
23-Aug-15 10:50:00 PM BST,{ },{ok},120.2 °C
23-Aug-15 10:55:00 PM BST,{ },{ok},119.0 °C
23-Aug-15 11:00:00 PM BST,{ },{ok},113.2 °C
23-Aug-15 11:05:00 PM BST,{ },{ok},94.2 °C
23-Aug-15 11:10:00 PM BST,{ },{ok},119.6 °C
23-Aug-15 11:15:00 PM BST,{ },{ok},104.3 °C
23-Aug-15 11:20:00 PM BST,{ },{ok},98.6 °C
23-Aug-15 11:25:00 PM BST,{ },{ok},136.1 °C
23-Aug-15 11:30:00 PM BST,{ },{ok},109.4 °C
23-Aug-15 11:35:00 PM BST,{ },{ok},98.0 °C
23-Aug-15 11:40:00 PM BST,{ },{ok},119.0 °C
23-Aug-15 11:45:00 PM BST,{ },{ok},136.8 °C
23-Aug-15 11:50:00 PM BST,{ },{ok},126.0 °C
23-Aug-15 11:55:00 PM BST,{ },{ok},118.3 °C
24-Aug-15 12:00:00 AM BST,{ },{ok},103.1 °C
24-Aug-15 12:05:00 AM BST,{ },{ok},120.9 °C
24-Aug-15 12:10:00 AM BST,{ },{ok},117.1 °C
24-Aug-15 12:15:00 AM BST,{ },{ok},117.7 °C
24-Aug-15 12:20:00 AM BST,{ },{ok},115.8 °C
24-Aug-15 12:25:00 AM BST,{ },{ok},126.0 °C
24-Aug-15 12:30:00 AM BST,{ },{ok},122.8 °C
24-Aug-15 12:35:00 AM BST,{ },{ok},115.1 °C
24-Aug-15 12:40:00 AM BST,{ },{ok},131.0 °C
24-Aug-15 12:45:00 AM BST,{ },{ok},111.3 °C
24-Aug-15 12:50:00 AM BST,{ },{ok},124.0 °C
24-Aug-15 12:55:00 AM BST,{ },{ok},131.7 °C
24-Aug-15 1:00:00 AM BST,{ },{ok},115.8 °C
24-Aug-15 1:05:00 AM BST,{ },{ok},116.4 °C
24-Aug-15 1:10:00 AM BST,{ },{ok},123.4 °C
24-Aug-15 1:15:00 AM BST,{ },{ok},135.5 °C
24-Aug-15 1:20:00 AM BST,{ },{ok},121.5 °C
24-Aug-15 1:25:00 AM BST,{ },{ok},116.4 °C
24-Aug-15 1:30:00 AM BST,{ },{ok},124.0 °C
24-Aug-15 1:35:00 AM BST,{ },{ok},132.9 °C
24-Aug-15 1:40:00 AM BST,{ },{ok},116.4 °C
24-Aug-15 1:45:00 AM BST,{ },{ok},126.6 °C
24-Aug-15 1:50:00 AM BST,{ },{ok},117.1 °C
24-Aug-15 1:55:00 AM BST,{ },{ok},114.5 °C
24-Aug-15 2:00:00 AM BST,{ },{ok},116.4 °C
24-Aug-15 2:05:00 AM BST,{ },{ok},117.1 °C
24-Aug-15 2:10:00 AM BST,{ },{ok},115.1 °C
24-Aug-15 2:15:00 AM BST,{ },{ok},119.0 °C
24-Aug-15 2:20:00 AM BST,{ },{ok},115.8 °C
24-Aug-15 2:25:00 AM BST,{ },{ok},122.1 °C
24-Aug-15 2:30:00 AM BST,{ },{ok},110.1 °C
24-Aug-15 2:35:00 AM BST,{ },{ok},116.4 °C
24-Aug-15 2:40:00 AM BST,{ },{ok},104.3 °C
24-Aug-15 2:45:00 AM BST,{ },{ok},105.0 °C
24-Aug-15 2:50:00 AM BST,{ },{ok},116.4 °C
24-Aug-15 2:55:00 AM BST,{ },{ok},122.8 °C
24-Aug-15 3:00:00 AM BST,{ },{ok},119.0 °C
24-Aug-15 3:05:00 AM BST,{ },{ok},115.1 °C
24-Aug-15 3:10:00 AM BST,{ },{ok},81.4 °C
24-Aug-15 3:15:00 AM BST,{ },{ok},130.4 °C
24-Aug-15 3:20:00 AM BST,{ },{ok},116.4 °C
24-Aug-15 3:25:00 AM BST,{ },{ok},98.0 °C
24-Aug-15 3:30:00 AM BST,{ },{ok},108.8 °C
24-Aug-15 3:35:00 AM BST,{ },{ok},115.1 °C
24-Aug-15 3:40:00 AM BST,{ },{ok},119.6 °C
24-Aug-15 3:45:00 AM BST,{ },{ok},118.3 °C
24-Aug-15 3:50:00 AM BST,{ },{ok},141.9 °C
24-Aug-15 3:55:00 AM BST,{ },{ok},124.0 °C
24-Aug-15 4:00:00 AM BST,{ },{ok},129.8 °C
24-Aug-15 4:05:00 AM BST,{ },{ok},110.7 °C
24-Aug-15 4:10:00 AM BST,{ },{ok},131.0 °C
24-Aug-15 4:15:00 AM BST,{ },{ok},124.7 °C
24-Aug-15 4:20:00 AM BST,{ },{ok},117.1 °C
24-Aug-15 4:25:00 AM BST,{ },{ok},89.1 °C
24-Aug-15 4:30:00 AM BST,{ },{ok},131.0 °C
24-Aug-15 4:35:00 AM BST,{ },{ok},106.9 °C
24-Aug-15 4:40:00 AM BST,{ },{ok},118.3 °C
24-Aug-15 4:45:00 AM BST,{ },{ok},128.5 °C
24-Aug-15 4:50:00 AM BST,{ },{ok},118.3 °C
24-Aug-15 4:55:00 AM BST,{ },{ok},89.1 °C
24-Aug-15 5:00:00 AM BST,{ },{ok},120.9 °C
24-Aug-15 5:05:00 AM BST,{ },{ok},94.8 °C
24-Aug-15 5:10:00 AM BST,{ },{ok},120.2 °C
24-Aug-15 5:15:00 AM BST,{ },{ok},100.5 °C
24-Aug-15 5:20:00 AM BST,{ },{ok},93.5 °C
24-Aug-15 5:25:00 AM BST,{ },{ok},119.0 °C
24-Aug-15 5:30:00 AM BST,{ },{ok},106.2 °C
24-Aug-15 5:35:00 AM BST,{ },{ok},129.8 °C
24-Aug-15 5:40:00 AM BST,{ },{ok},117.1 °C
24-Aug-15 5:45:00 AM BST,{ },{ok},98.0 °C
24-Aug-15 5:50:00 AM BST,{ },{ok},84.0 °C
24-Aug-15 5:55:00 AM BST,{ },{ok},117.7 °C
24-Aug-15 6:00:00 AM BST,{ },{ok},119.0 °C
24-Aug-15 6:05:00 AM BST,{ },{ok},115.8 °C
24-Aug-15 6:10:00 AM BST,{ },{ok},123.4 °C
24-Aug-15 6:15:00 AM BST,{ },{ok},126.0 °C
24-Aug-15 6:20:00 AM BST,{ },{ok},103.1 °C
24-Aug-15 6:25:00 AM BST,{ },{ok},101.2 °C
24-Aug-15 6:30:00 AM BST,{ },{ok},116.4 °C
24-Aug-15 6:35:00 AM BST,{ },{ok},99.2 °C
24-Aug-15 6:40:00 AM BST,{ },{ok},109.4 °C
24-Aug-15 6:45:00 AM BST,{ },{ok},115.1 °C
24-Aug-15 6:50:00 AM BST,{ },{ok},107.5 °C
24-Aug-15 6:55:00 AM BST,{ },{ok},110.1 °C
24-Aug-15 7:00:00 AM BST,{ },{ok},131.7 °C
24-Aug-15 7:05:00 AM BST,{ },{ok},130.4 °C
24-Aug-15 7:10:00 AM BST,{ },{ok},118.3 °C
24-Aug-15 7:15:00 AM BST,{ },{ok},120.2 °C
24-Aug-15 7:20:00 AM BST,{ },{ok},115.8 °C
24-Aug-15 7:25:00 AM BST,{ },{ok},114.5 °C
24-Aug-15 7:30:00 AM BST,{ },{ok},117.1 °C
24-Aug-15 7:35:00 AM BST,{ },{ok},117.1 °C
24-Aug-15 7:40:00 AM BST,{ },{ok},118.3 °C
24-Aug-15 7:45:00 AM BST,{ },{ok},90.3 °C
24-Aug-15 7:50:00 AM BST,{ },{ok},118.3 °C
24-Aug-15 7:55:00 AM BST,{ },{ok},125.3 °C
24-Aug-15 8:00:00 AM BST,{ },{ok},120.2 °C
24-Aug-15 8:05:00 AM BST,{ },{ok},122.8 °C
24-Aug-15 8:10:00 AM BST,{ },{ok},120.9 °C
24-Aug-15 8:15:00 AM BST,{ },{ok},117.1 °C
24-Aug-15 8:20:00 AM BST,{ },{ok},114.5 °C
24-Aug-15 8:25:00 AM BST,{ },{ok},122.1 °C
24-Aug-15 8:30:00 AM BST,{ },{ok},100.5 °C
24-Aug-15 8:35:00 AM BST,{ },{ok},124.7 °C
24-Aug-15 8:40:00 AM BST,{ },{ok},119.6 °C
24-Aug-15 8:45:00 AM BST,{ },{ok},115.1 °C
24-Aug-15 8:50:00 AM BST,{ },{ok},112.6 °C
24-Aug-15 8:55:00 AM BST,{ },{ok},117.7 °C
24-Aug-15 9:00:00 AM BST,{ },{ok},115.1 °C
24-Aug-15 9:05:00 AM BST,{ },{ok},114.5 °C
24-Aug-15 9:10:00 AM BST,{ },{ok},116.4 °C
24-Aug-15 9:15:00 AM BST,{ },{ok},106.9 °C
24-Aug-15 9:20:00 AM BST,{ },{ok},105.6 °C
24-Aug-15 9:25:00 AM BST,{ },{ok},115.8 °C
24-Aug-15 9:30:00 AM BST,{ },{ok},106.9 °C
24-Aug-15 9:35:00 AM BST,{ },{ok},117.7 °C
24-Aug-15 9:40:00 AM BST,{ },{ok},121.5 °C
24-Aug-15 9:45:00 AM BST,{ },{ok},116.4 °C
24-Aug-15 9:50:00 AM BST,{ },{ok},115.1 °C
24-Aug-15 9:55:00 AM BST,{ },{ok},120.2 °C
24-Aug-15 10:00:00 AM BST,{ },{ok},104.3 °C
24-Aug-15 10:05:00 AM BST,{ },{ok},96.7 °C
24-Aug-15 10:10:00 AM BST,{ },{ok},123.4 °C
24-Aug-15 10:15:00 AM BST,{ },{ok},108.8 °C
24-Aug-15 10:20:00 AM BST,{ },{ok},104.3 °C
24-Aug-15 10:25:00 AM BST,{ },{ok},130.4 °C
24-Aug-15 10:30:00 AM BST,{ },{ok},147.6 °C
24-Aug-15 10:35:00 AM BST,{ },{ok},122.1 °C
24-Aug-15 10:40:00 AM BST,{ },{ok},124.7 °C
24-Aug-15 10:45:00 AM BST,{ },{ok},118.3 °C
24-Aug-15 10:50:00 AM BST,{ },{ok},115.8 °C
24-Aug-15 10:55:00 AM BST,{ },{ok},120.9 °C
24-Aug-15 11:00:00 AM BST,{ },{ok},117.7 °C
24-Aug-15 11:05:00 AM BST,{ },{ok},108.8 °C
24-Aug-15 11:10:00 AM BST,{ },{ok},129.8 °C
24-Aug-15 11:15:00 AM BST,{ },{ok},122.1 °C
24-Aug-15 11:20:00 AM BST,{ },{ok},117.1 °C
24-Aug-15 11:25:00 AM BST,{ },{ok},124.7 °C
24-Aug-15 11:30:00 AM BST,{ },{ok},117.7 °C
24-Aug-15 11:35:00 AM BST,{ },{ok},115.8 °C
24-Aug-15 11:40:00 AM BST,{ },{ok},122.8 °C
24-Aug-15 11:45:00 AM BST,{ },{ok},117.7 °C
24-Aug-15 11:50:00 AM BST,{ },{ok},115.8 °C
24-Aug-15 11:55:00 AM BST,{ },{ok},129.8 °C
24-Aug-15 12:00:00 PM BST,{ },{ok},129.8 °C
24-Aug-15 12:05:00 PM BST,{ },{ok},119.0 °C
24-Aug-15 12:10:00 PM BST,{ },{ok},117.1 °C
24-Aug-15 12:15:00 PM BST,{ },{ok},130.4 °C
24-Aug-15 12:20:00 PM BST,{ },{ok},119.0 °C
24-Aug-15 12:25:00 PM BST,{ },{ok},117.1 °C
24-Aug-15 12:30:00 PM BST,{ },{ok},137.4 °C
24-Aug-15 12:35:00 PM BST,{ },{ok},119.6 °C
24-Aug-15 12:40:00 PM BST,{ },{ok},118.3 °C
24-Aug-15 12:45:00 PM BST,{ },{ok},121.5 °C
24-Aug-15 12:50:00 PM BST,{ },{ok},119.0 °C
24-Aug-15 12:55:00 PM BST,{ },{ok},131.0 °C
24-Aug-15 1:00:00 PM BST,{ },{ok},112.6 °C
24-Aug-15 1:05:00 PM BST,{ },{ok},126.6 °C
24-Aug-15 1:10:00 PM BST,{ },{ok},119.6 °C
24-Aug-15 1:15:00 PM BST,{ },{ok},117.1 °C
24-Aug-15 1:20:00 PM BST,{ },{ok},120.9 °C
24-Aug-15 1:25:00 PM BST,{ },{ok},119.0 °C
24-Aug-15 1:30:00 PM BST,{ },{ok},127.9 °C
24-Aug-15 1:35:00 PM BST,{ },{ok},145.7 °C
24-Aug-15 1:40:00 PM BST,{ },{ok},134.9 °C
24-Aug-15 1:45:00 PM BST,{ },{ok},123.4 °C
24-Aug-15 1:50:00 PM BST,{ },{ok},120.2 °C
24-Aug-15 1:55:00 PM BST,{ },{ok},122.1 °C
24-Aug-15 2:00:00 PM BST,{ },{ok},117.7 °C
24-Aug-15 2:05:00 PM BST,{ },{ok},129.8 °C
24-Aug-15 2:10:00 PM BST,{ },{ok},121.5 °C
24-Aug-15 2:15:00 PM BST,{ },{ok},119.0 °C
24-Aug-15 2:20:00 PM BST,{ },{ok},122.8 °C
24-Aug-15 2:25:00 PM BST,{ },{ok},120.2 °C
24-Aug-15 2:30:00 PM BST,{ },{ok},119.0 °C
24-Aug-15 2:35:00 PM BST,{ },{ok},120.9 °C
24-Aug-15 2:40:00 PM BST,{ },{ok},127.9 °C
24-Aug-15 2:45:00 PM BST,{ },{ok},124.7 °C
24-Aug-15 2:50:00 PM BST,{ },{ok},108.2 °C
24-Aug-15 2:55:00 PM BST,{ },{ok},121.5 °C
24-Aug-15 3:00:00 PM BST,{ },{ok},119.0 °C
24-Aug-15 3:05:00 PM BST,{ },{ok},121.5 °C
24-Aug-15 3:10:00 PM BST,{ },{ok},91.0 °C
24-Aug-15 3:15:00 PM BST,{ },{ok},137.4 °C
24-Aug-15 3:20:00 PM BST,{ },{ok},113.9 °C
24-Aug-15 3:25:00 PM BST,{ },{ok},122.8 °C
24-Aug-15 3:30:00 PM BST,{ },{ok},137.4 °C
24-Aug-15 3:35:00 PM BST,{ },{ok},107.5 °C
24-Aug-15 3:40:00 PM BST,{ },{ok},86.5 °C
24-Aug-15 3:45:00 PM BST,{ },{ok},136.1 °C
24-Aug-15 3:50:00 PM BST,{ },{ok},119.0 °C
24-Aug-15 3:55:00 PM BST,{ },{ok},90.3 °C
24-Aug-15 4:00:00 PM BST,{ },{ok},138.0 °C
24-Aug-15 4:05:00 PM BST,{ },{ok},119.0 °C
24-Aug-15 4:10:00 PM BST,{ },{ok},106.9 °C
24-Aug-15 4:15:00 PM BST,{ },{ok},136.8 °C
24-Aug-15 4:20:00 PM BST,{ },{ok},136.8 °C
24-Aug-15 4:25:00 PM BST,{ },{ok},134.9 °C
24-Aug-15 4:30:00 PM BST,{ },{ok},131.7 °C
24-Aug-15 4:35:00 PM BST,{ },{ok},119.6 °C
24-Aug-15 4:40:00 PM BST,{ },{ok},117.7 °C
24-Aug-15 4:45:00 PM BST,{ },{ok},136.1 °C
24-Aug-15 4:50:00 PM BST,{ },{ok},119.6 °C
24-Aug-15 4:55:00 PM BST,{ },{ok},145.7 °C
24-Aug-15 5:00:00 PM BST,{ },{ok},124.7 °C
24-Aug-15 5:05:00 PM BST,{ },{ok},99.9 °C
24-Aug-15 5:10:00 PM BST,{ },{ok},124.7 °C
24-Aug-15 5:15:00 PM BST,{ },{ok},101.8 °C
24-Aug-15 5:20:00 PM BST,{ },{ok},121.5 °C
24-Aug-15 5:25:00 PM BST,{ },{ok},123.4 °C
24-Aug-15 5:30:00 PM BST,{ },{ok},139.9 °C
24-Aug-15 5:35:00 PM BST,{ },{ok},121.5 °C
24-Aug-15 5:40:00 PM BST,{ },{ok},131.0 °C
24-Aug-15 5:45:00 PM BST,{ },{ok},113.2 °C
24-Aug-15 5:50:00 PM BST,{ },{ok},106.9 °C
24-Aug-15 5:55:00 PM BST,{ },{ok},124.7 °C
24-Aug-15 6:00:00 PM BST,{ },{ok},105.0 °C
24-Aug-15 6:05:00 PM BST,{ },{ok},89.7 °C
24-Aug-15 6:10:00 PM BST,{ },{ok},127.2 °C
24-Aug-15 6:15:00 PM BST,{ },{ok},107.5 °C
24-Aug-15 6:20:00 PM BST,{ },{ok},127.9 °C
24-Aug-15 6:25:00 PM BST,{ },{ok},120.9 °C
24-Aug-15 6:30:00 PM BST,{ },{ok},109.4 °C
24-Aug-15 6:35:00 PM BST,{ },{ok},129.1 °C
24-Aug-15 6:40:00 PM BST,{ },{ok},120.2 °C
24-Aug-15 6:45:00 PM BST,{ },{ok},132.9 °C
24-Aug-15 6:50:00 PM BST,{ },{ok},122.1 °C
24-Aug-15 6:55:00 PM BST,{ },{ok},122.1 °C
24-Aug-15 7:00:00 PM BST,{ },{ok},105.0 °C
24-Aug-15 7:05:00 PM BST,{ },{ok},115.1 °C
24-Aug-15 7:10:00 PM BST,{ },{ok},119.6 °C
24-Aug-15 7:15:00 PM BST,{ },{ok},136.1 °C
24-Aug-15 7:20:00 PM BST,{ },{ok},149.5 °C
24-Aug-15 7:25:00 PM BST,{ },{ok},127.2 °C
24-Aug-15 7:30:00 PM BST,{ },{ok},128.5 °C
24-Aug-15 7:35:00 PM BST,{ },{ok},121.5 °C
24-Aug-15 7:40:00 PM BST,{ },{ok},94.8 °C
24-Aug-15 7:45:00 PM BST,{ },{ok},121.5 °C
24-Aug-15 7:50:00 PM BST,{ },{ok},106.9 °C
24-Aug-15 7:55:00 PM BST,{ },{ok},130.4 °C
24-Aug-15 8:00:00 PM BST,{ },{ok},118.3 °C
24-Aug-15 8:05:00 PM BST,{ },{ok},119.6 °C
24-Aug-15 8:10:00 PM BST,{ },{ok},132.9 °C
24-Aug-15 8:15:00 PM BST,{ },{ok},117.7 °C
24-Aug-15 8:20:00 PM BST,{ },{ok},122.8 °C
24-Aug-15 8:25:00 PM BST,{ },{ok},117.7 °C
24-Aug-15 8:30:00 PM BST,{ },{ok},124.7 °C
24-Aug-15 8:35:00 PM BST,{ },{ok},117.7 °C
24-Aug-15 8:40:00 PM BST,{ },{ok},116.4 °C
24-Aug-15 8:45:00 PM BST,{ },{ok},123.4 °C
24-Aug-15 8:50:00 PM BST,{ },{ok},117.1 °C
24-Aug-15 8:55:00 PM BST,{ },{ok},122.8 °C
24-Aug-15 9:00:00 PM BST,{ },{ok},117.7 °C
24-Aug-15 9:05:00 PM BST,{ },{ok},119.6 °C
24-Aug-15 9:10:00 PM BST,{ },{ok},119.0 °C
24-Aug-15 9:15:00 PM BST,{ },{ok},110.1 °C
24-Aug-15 9:20:00 PM BST,{ },{ok},127.9 °C
24-Aug-15 9:25:00 PM BST,{ },{ok},131.7 °C
24-Aug-15 9:30:00 PM BST,{ },{ok},120.9 °C
24-Aug-15 9:35:00 PM BST,{ },{ok},117.1 °C
24-Aug-15 9:40:00 PM BST,{ },{ok},122.1 °C
24-Aug-15 9:45:00 PM BST,{ },{ok},118.3 °C
24-Aug-15 9:50:00 PM BST,{ },{ok},115.8 °C
24-Aug-15 9:55:00 PM BST,{ },{ok},120.9 °C
24-Aug-15 10:00:00 PM BST,{ },{ok},117.1 °C
24-Aug-15 10:05:00 PM BST,{ },{ok},115.8 °C
24-Aug-15 10:10:00 PM BST,{ },{ok},122.8 °C
24-Aug-15 10:15:00 PM BST,{ },{ok},117.7 °C
24-Aug-15 10:20:00 PM BST,{ },{ok},115.8 °C
24-Aug-15 10:25:00 PM BST,{ },{ok},136.1 °C
24-Aug-15 10:30:00 PM BST,{ },{ok},117.1 °C
24-Aug-15 10:35:00 PM BST,{ },{ok},127.9 °C
24-Aug-15 10:40:00 PM BST,{ },{ok},126.0 °C
24-Aug-15 10:45:00 PM BST,{ },{ok},107.5 °C
24-Aug-15 10:50:00 PM BST,{ },{ok},108.2 °C
24-Aug-15 10:55:00 PM BST,{ },{ok},120.9 °C
24-Aug-15 11:00:00 PM BST,{ },{ok},115.1 °C
24-Aug-15 11:05:00 PM BST,{ },{ok},104.3 °C
24-Aug-15 11:10:00 PM BST,{ },{ok},122.1 °C
24-Aug-15 11:15:00 PM BST,{ },{ok},124.7 °C
24-Aug-15 11:20:00 PM BST,{ },{ok},119.6 °C
24-Aug-15 11:25:00 PM BST,{ },{ok},116.4 °C
24-Aug-15 11:30:00 PM BST,{ },{ok},134.9 °C
24-Aug-15 11:35:00 PM BST,{ },{ok},134.9 °C
24-Aug-15 11:40:00 PM BST,{ },{ok},117.1 °C
24-Aug-15 11:45:00 PM BST,{ },{ok},112.6 °C
24-Aug-15 11:50:00 PM BST,{ },{ok},108.8 °C
24-Aug-15 11:55:00 PM BST,{ },{ok},117.7 °C
25-Aug-15 12:00:00 AM BST,{ },{ok},117.1 °C
25-Aug-15 12:05:00 AM BST,{ },{ok},106.2 °C
25-Aug-15 12:10:00 AM BST,{ },{ok},117.1 °C
25-Aug-15 12:15:00 AM BST,{ },{ok},106.9 °C
25-Aug-15 12:20:00 AM BST,{ },{ok},119.6 °C
25-Aug-15 12:25:00 AM BST,{ },{ok},121.5 °C
25-Aug-15 12:30:00 AM BST,{ },{ok},120.9 °C
25-Aug-15 12:35:00 AM BST,{ },{ok},119.0 °C
25-Aug-15 12:40:00 AM BST,{ },{ok},122.1 °C
25-Aug-15 12:45:00 AM BST,{ },{ok},116.4 °C
25-Aug-15 12:50:00 AM BST,{ },{ok},118.3 °C
25-Aug-15 12:55:00 AM BST,{ },{ok},119.6 °C
25-Aug-15 1:00:00 AM BST,{ },{ok},117.1 °C
25-Aug-15 1:05:00 AM BST,{ },{ok},115.8 °C
25-Aug-15 1:10:00 AM BST,{ },{ok},117.7 °C
25-Aug-15 1:15:00 AM BST,{ },{ok},115.8 °C
25-Aug-15 1:20:00 AM BST,{ },{ok},127.2 °C
25-Aug-15 1:25:00 AM BST,{ },{ok},122.1 °C
25-Aug-15 1:30:00 AM BST,{ },{ok},107.5 °C
25-Aug-15 1:35:00 AM BST,{ },{ok},117.1 °C
25-Aug-15 1:40:00 AM BST,{ },{ok},119.0 °C
25-Aug-15 1:45:00 AM BST,{ },{ok},126.0 °C
25-Aug-15 1:50:00 AM BST,{ },{ok},112.0 °C
25-Aug-15 1:55:00 AM BST,{ },{ok},89.1 °C
25-Aug-15 2:00:00 AM BST,{ },{ok},132.9 °C
25-Aug-15 2:05:00 AM BST,{ },{ok},117.1 °C
25-Aug-15 2:10:00 AM BST,{ },{ok},117.1 °C
25-Aug-15 2:15:00 AM BST,{ },{ok},124.0 °C
25-Aug-15 2:20:00 AM BST,{ },{ok},116.4 °C
25-Aug-15 2:25:00 AM BST,{ },{ok},114.5 °C
25-Aug-15 2:30:00 AM BST,{ },{ok},124.0 °C
25-Aug-15 2:35:00 AM BST,{ },{ok},138.0 °C
25-Aug-15 2:40:00 AM BST,{ },{ok},117.1 °C
25-Aug-15 2:45:00 AM BST,{ },{ok},129.1 °C
25-Aug-15 2:50:00 AM BST,{ },{ok},105.6 °C
25-Aug-15 2:55:00 AM BST,{ },{ok},101.8 °C
25-Aug-15 3:00:00 AM BST,{ },{ok},117.1 °C
25-Aug-15 3:05:00 AM BST,{ },{ok},92.3 °C
25-Aug-15 3:10:00 AM BST,{ },{ok},130.4 °C
25-Aug-15 3:15:00 AM BST,{ },{ok},115.8 °C
25-Aug-15 3:20:00 AM BST,{ },{ok},122.1 °C
25-Aug-15 3:25:00 AM BST,{ },{ok},117.1 °C
25-Aug-15 3:30:00 AM BST,{ },{ok},128.5 °C
25-Aug-15 3:35:00 AM BST,{ },{ok},116.4 °C
25-Aug-15 3:40:00 AM BST,{ },{ok},115.8 °C
25-Aug-15 3:45:00 AM BST,{ },{ok},118.3 °C
25-Aug-15 3:50:00 AM BST,{ },{ok},95.4 °C
25-Aug-15 3:55:00 AM BST,{ },{ok},87.2 °C
25-Aug-15 4:00:00 AM BST,{ },{ok},141.9 °C
25-Aug-15 4:05:00 AM BST,{ },{ok},121.5 °C
25-Aug-15 4:10:00 AM BST,{ },{ok},94.2 °C
25-Aug-15 4:15:00 AM BST,{ },{ok},121.5 °C
25-Aug-15 4:20:00 AM BST,{ },{ok},112.0 °C
25-Aug-15 4:25:00 AM BST,{ },{ok},121.5 °C
25-Aug-15 4:30:00 AM BST,{ },{ok},134.9 °C
25-Aug-15 4:35:00 AM BST,{ },{ok},116.4 °C
25-Aug-15 4:40:00 AM BST,{ },{ok},123.4 °C
25-Aug-15 4:45:00 AM BST,{ },{ok},117.1 °C
25-Aug-15 4:50:00 AM BST,{ },{ok},114.5 °C
25-Aug-15 4:55:00 AM BST,{ },{ok},117.1 °C
25-Aug-15 5:00:00 AM BST,{ },{ok},134.2 °C
25-Aug-15 5:05:00 AM BST,{ },{ok},128.5 °C
25-Aug-15 5:10:00 AM BST,{ },{ok},119.6 °C
25-Aug-15 5:15:00 AM BST,{ },{ok},115.1 °C
25-Aug-15 5:20:00 AM BST,{ },{ok},116.4 °C
25-Aug-15 5:25:00 AM BST,{ },{ok},115.1 °C
25-Aug-15 5:30:00 AM BST,{ },{ok},122.8 °C
25-Aug-15 5:35:00 AM BST,{ },{ok},116.4 °C
25-Aug-15 5:40:00 AM BST,{ },{ok},109.4 °C
25-Aug-15 5:45:00 AM BST,{ },{ok},131.0 °C
25-Aug-15 5:50:00 AM BST,{ },{ok},117.1 °C
25-Aug-15 5:55:00 AM BST,{ },{ok},115.1 °C
25-Aug-15 6:00:00 AM BST,{ },{ok},132.3 °C
25-Aug-15 6:05:00 AM BST,{ },{ok},124.7 °C
25-Aug-15 6:10:00 AM BST,{ },{ok},128.5 °C
25-Aug-15 6:15:00 AM BST,{ },{ok},98.0 °C
25-Aug-15 6:20:00 AM BST,{ },{ok},118.3 °C
25-Aug-15 6:25:00 AM BST,{ },{ok},120.2 °C
25-Aug-15 6:30:00 AM BST,{ },{ok},92.9 °C
25-Aug-15 6:35:00 AM BST,{ },{ok},119.6 °C
25-Aug-15 6:40:00 AM BST,{ },{ok},117.7 °C
25-Aug-15 6:45:00 AM BST,{ },{ok},132.9 °C
25-Aug-15 6:50:00 AM BST,{ },{ok},120.2 °C
25-Aug-15 6:55:00 AM BST,{ },{ok},120.2 °C
25-Aug-15 7:00:00 AM BST,{ },{ok},100.5 °C
25-Aug-15 7:05:00 AM BST,{ },{ok},122.8 °C
25-Aug-15 7:10:00 AM BST,{ },{ok},117.7 °C
25-Aug-15 7:15:00 AM BST,{ },{ok},95.4 °C
25-Aug-15 7:20:00 AM BST,{ },{ok},126.0 °C
25-Aug-15 7:25:00 AM BST,{ },{ok},117.1 °C
25-Aug-15 7:30:00 AM BST,{ },{ok},119.6 °C
25-Aug-15 7:35:00 AM BST,{ },{ok},117.7 °C
25-Aug-15 7:40:00 AM BST,{ },{ok},118.3 °C
25-Aug-15 7:45:00 AM BST,{ },{ok},116.4 °C
25-Aug-15 7:50:00 AM BST,{ },{ok},103.7 °C
25-Aug-15 7:55:00 AM BST,{ },{ok},118.3 °C
25-Aug-15 8:00:00 AM BST,{ },{ok},116.4 °C
25-Aug-15 8:05:00 AM BST,{ },{ok},115.1 °C
25-Aug-15 8:10:00 AM BST,{ },{ok},119.0 °C
25-Aug-15 8:15:00 AM BST,{ },{ok},136.1 °C
25-Aug-15 8:20:00 AM BST,{ },{ok},126.6 °C
25-Aug-15 8:25:00 AM BST,{ },{ok},124.0 °C
25-Aug-15 8:30:00 AM BST,{ },{ok},120.9 °C
25-Aug-15 8:35:00 AM BST,{ },{ok},133.6 °C
25-Aug-15 8:40:00 AM BST,{ },{ok},129.8 °C
25-Aug-15 8:45:00 AM BST,{ },{ok},135.5 °C
25-Aug-15 8:50:00 AM BST,{ },{ok},129.1 °C
25-Aug-15 8:55:00 AM BST,{ },{ok},116.4 °C
25-Aug-15 9:00:00 AM BST,{ },{ok},126.0 °C
25-Aug-15 9:05:00 AM BST,{ },{ok},117.7 °C
25-Aug-15 9:10:00 AM BST,{ },{ok},115.8 °C
25-Aug-15 9:15:00 AM BST,{ },{ok},126.0 °C
25-Aug-15 9:20:00 AM BST,{ },{ok},117.1 °C
25-Aug-15 9:25:00 AM BST,{ },{ok},126.6 °C
25-Aug-15 9:30:00 AM BST,{ },{ok},117.7 °C
25-Aug-15 9:35:00 AM BST,{ },{ok},120.9 °C
25-Aug-15 9:40:00 AM BST,{ },{ok},132.3 °C
25-Aug-15 9:45:00 AM BST,{ },{ok},126.6 °C
25-Aug-15 9:50:00 AM BST,{ },{ok},117.7 °C
25-Aug-15 9:55:00 AM BST,{ },{ok},116.4 °C
25-Aug-15 10:00:00 AM BST,{ },{ok},136.1 °C
25-Aug-15 10:05:00 AM BST,{ },{ok},117.1 °C
25-Aug-15 10:10:00 AM BST,{ },{ok},96.7 °C
25-Aug-15 10:15:00 AM BST,{ },{ok},119.6 °C
25-Aug-15 10:20:00 AM BST,{ },{ok},132.9 °C
25-Aug-15 10:25:00 AM BST,{ },{ok},126.0 °C
25-Aug-15 10:30:00 AM BST,{ },{ok},138.7 °C
25-Aug-15 10:35:00 AM BST,{ },{ok},126.0 °C
25-Aug-15 10:40:00 AM BST,{ },{ok},120.2 °C
25-Aug-15 10:45:00 AM BST,{ },{ok},117.1 °C
25-Aug-15 10:50:00 AM BST,{ },{ok},132.3 °C
25-Aug-15 10:55:00 AM BST,{ },{ok},126.6 °C
25-Aug-15 11:00:00 AM BST,{ },{ok},131.0 °C
25-Aug-15 11:05:00 AM BST,{ },{ok},134.2 °C
25-Aug-15 11:10:00 AM BST,{ },{ok},130.4 °C
25-Aug-15 11:15:00 AM BST,{ },{ok},122.1 °C
25-Aug-15 11:20:00 AM BST,{ },{ok},136.1 °C
25-Aug-15 11:25:00 AM BST,{ },{ok},130.4 °C
25-Aug-15 11:30:00 AM BST,{ },{ok},132.3 °C
25-Aug-15 11:35:00 AM BST,{ },{ok},118.3 °C
25-Aug-15 11:40:00 AM BST,{ },{ok},115.8 °C
25-Aug-15 11:45:00 AM BST,{ },{ok},127.2 °C
25-Aug-15 11:50:00 AM BST,{ },{ok},118.3 °C
25-Aug-15 11:55:00 AM BST,{ },{ok},101.8 °C
25-Aug-15 12:00:00 PM BST,{ },{ok},121.5 °C
25-Aug-15 12:05:00 PM BST,{ },{ok},117.1 °C
25-Aug-15 12:10:00 PM BST,{ },{ok},126.6 °C
25-Aug-15 12:15:00 PM BST,{ },{ok},120.9 °C
25-Aug-15 12:20:00 PM BST,{ },{ok},120.9 °C
25-Aug-15 12:25:00 PM BST,{ },{ok},119.0 °C
25-Aug-15 12:30:00 PM BST,{ },{ok},139.3 °C
25-Aug-15 12:35:00 PM BST,{ },{ok},119.0 °C
25-Aug-15 12:40:00 PM BST,{ },{ok},102.4 °C
25-Aug-15 12:45:00 PM BST,{ },{ok},106.2 °C
25-Aug-15 12:50:00 PM BST,{ },{ok},119.0 °C
25-Aug-15 12:55:00 PM BST,{ },{ok},117.7 °C
25-Aug-15 1:00:00 PM BST,{ },{ok},119.6 °C
25-Aug-15 1:05:00 PM BST,{ },{ok},118.3 °C
25-Aug-15 1:10:00 PM BST,{ },{ok},105.0 °C
25-Aug-15 1:15:00 PM BST,{ },{ok},122.8 °C
25-Aug-15 1:20:00 PM BST,{ },{ok},108.2 °C
25-Aug-15 1:25:00 PM BST,{ },{ok},91.0 °C
25-Aug-15 1:30:00 PM BST,{ },{ok},119.0 °C
25-Aug-15 1:35:00 PM BST,{ },{ok},104.3 °C
25-Aug-15 1:40:00 PM BST,{ },{ok},120.2 °C
25-Aug-15 1:45:00 PM BST,{ },{ok},130.4 °C
25-Aug-15 1:50:00 PM BST,{ },{ok},96.1 °C
25-Aug-15 1:55:00 PM BST,{ },{ok},133.6 °C
25-Aug-15 2:00:00 PM BST,{ },{ok},129.1 °C
25-Aug-15 2:05:00 PM BST,{ },{ok},124.7 °C
25-Aug-15 2:10:00 PM BST,{ },{ok},145.7 °C
25-Aug-15 2:15:00 PM BST,{ },{ok},127.9 °C
25-Aug-15 2:20:00 PM BST,{ },{ok},133.6 °C
25-Aug-15 2:25:00 PM BST,{ },{ok},126.6 °C
25-Aug-15 2:30:00 PM BST,{ },{ok},125.3 °C
25-Aug-15 2:35:00 PM BST,{ },{ok},127.9 °C
25-Aug-15 2:40:00 PM BST,{ },{ok},129.8 °C
25-Aug-15 2:45:00 PM BST,{ },{ok},130.4 °C
25-Aug-15 2:50:00 PM BST,{ },{ok},127.2 °C
25-Aug-15 2:55:00 PM BST,{ },{ok},126.0 °C
25-Aug-15 3:00:00 PM BST,{ },{ok},122.8 °C
25-Aug-15 3:05:00 PM BST,{ },{ok},104.3 °C
25-Aug-15 3:10:00 PM BST,{ },{ok},122.1 °C
25-Aug-15 3:15:00 PM BST,{ },{ok},110.7 °C
25-Aug-15 3:20:00 PM BST,{ },{ok},106.9 °C
25-Aug-15 3:25:00 PM BST,{ },{ok},122.1 °C
25-Aug-15 3:30:00 PM BST,{ },{ok},126.0 °C
25-Aug-15 3:35:00 PM BST,{ },{ok},122.8 °C
25-Aug-15 3:40:00 PM BST,{ },{ok},134.9 °C
25-Aug-15 3:45:00 PM BST,{ },{ok},129.1 °C
