history:UCC_Compressor_Data/Oil Pressure_COMP2,,,
01-Jan-15 12:00 AM GMT  to  25-Aug-15 3:42 PM BST,,,
,,,
Timestamp,Trend Flags,Status,Value (mbar)
22-Aug-15 4:30:00 AM BST,{ },{ok},3083.0 mbar
22-Aug-15 4:35:00 AM BST,{ },{ok},3127.0 mbar
22-Aug-15 4:40:00 AM BST,{ },{ok},3112.0 mbar
22-Aug-15 4:45:00 AM BST,{ },{ok},3127.0 mbar
22-Aug-15 4:50:00 AM BST,{ },{ok},3112.0 mbar
22-Aug-15 4:55:00 AM BST,{ },{ok},3090.0 mbar
22-Aug-15 5:00:00 AM BST,{ },{ok},2249.0 mbar
22-Aug-15 5:05:00 AM BST,{ },{ok},17.0 mbar
22-Aug-15 5:10:00 AM BST,{ },{ok},3127.0 mbar
22-Aug-15 5:15:00 AM BST,{ },{ok},3120.0 mbar
22-Aug-15 5:20:00 AM BST,{ },{ok},3127.0 mbar
22-Aug-15 5:25:00 AM BST,{ },{ok},3120.0 mbar
22-Aug-15 5:30:00 AM BST,{ },{ok},3120.0 mbar
22-Aug-15 5:35:00 AM BST,{ },{ok},3112.0 mbar
22-Aug-15 5:40:00 AM BST,{ },{ok},3127.0 mbar
22-Aug-15 5:45:00 AM BST,{ },{ok},3061.0 mbar
22-Aug-15 5:50:00 AM BST,{ },{ok},3112.0 mbar
22-Aug-15 5:55:00 AM BST,{ },{ok},3076.0 mbar
22-Aug-15 6:00:00 AM BST,{ },{ok},3120.0 mbar
22-Aug-15 6:05:00 AM BST,{ },{ok},3105.0 mbar
22-Aug-15 6:10:00 AM BST,{ },{ok},3112.0 mbar
22-Aug-15 6:15:00 AM BST,{ },{ok},3127.0 mbar
22-Aug-15 6:20:00 AM BST,{ },{ok},3112.0 mbar
22-Aug-15 6:25:00 AM BST,{ },{ok},17.0 mbar
22-Aug-15 6:30:00 AM BST,{ },{ok},3024.0 mbar
22-Aug-15 6:35:00 AM BST,{ },{ok},3083.0 mbar
22-Aug-15 6:40:00 AM BST,{ },{ok},3120.0 mbar
22-Aug-15 6:45:00 AM BST,{ },{ok},3083.0 mbar
22-Aug-15 6:50:00 AM BST,{ },{ok},3112.0 mbar
22-Aug-15 6:55:00 AM BST,{ },{ok},2988.0 mbar
22-Aug-15 7:00:00 AM BST,{ },{ok},3112.0 mbar
22-Aug-15 7:05:00 AM BST,{ },{ok},3061.0 mbar
22-Aug-15 7:10:00 AM BST,{ },{ok},3120.0 mbar
22-Aug-15 7:15:00 AM BST,{ },{ok},3098.0 mbar
22-Aug-15 7:20:00 AM BST,{ },{ok},3120.0 mbar
22-Aug-15 7:25:00 AM BST,{ },{ok},3127.0 mbar
22-Aug-15 7:30:00 AM BST,{ },{ok},3120.0 mbar
22-Aug-15 7:35:00 AM BST,{ },{ok},3222.0 mbar
22-Aug-15 7:40:00 AM BST,{ },{ok},3090.0 mbar
22-Aug-15 7:45:00 AM BST,{ },{ok},3112.0 mbar
22-Aug-15 7:50:00 AM BST,{ },{ok},3120.0 mbar
22-Aug-15 7:55:00 AM BST,{ },{ok},3098.0 mbar
22-Aug-15 8:00:00 AM BST,{ },{ok},3105.0 mbar
22-Aug-15 8:05:00 AM BST,{ },{ok},3105.0 mbar
22-Aug-15 8:10:00 AM BST,{ },{ok},3112.0 mbar
22-Aug-15 8:15:00 AM BST,{ },{ok},3068.0 mbar
22-Aug-15 8:20:00 AM BST,{ },{ok},3061.0 mbar
22-Aug-15 8:25:00 AM BST,{ },{ok},3127.0 mbar
22-Aug-15 8:30:00 AM BST,{ },{ok},3068.0 mbar
22-Aug-15 8:35:00 AM BST,{ },{ok},3120.0 mbar
22-Aug-15 8:40:00 AM BST,{ },{ok},3105.0 mbar
22-Aug-15 8:45:00 AM BST,{ },{ok},3068.0 mbar
22-Aug-15 8:50:00 AM BST,{ },{ok},3127.0 mbar
22-Aug-15 8:55:00 AM BST,{ },{ok},3127.0 mbar
22-Aug-15 9:00:00 AM BST,{ },{ok},3105.0 mbar
22-Aug-15 9:05:00 AM BST,{ },{ok},3120.0 mbar
22-Aug-15 9:10:00 AM BST,{ },{ok},3127.0 mbar
22-Aug-15 9:15:00 AM BST,{ },{ok},3061.0 mbar
22-Aug-15 9:20:00 AM BST,{ },{ok},3112.0 mbar
22-Aug-15 9:25:00 AM BST,{ },{ok},3098.0 mbar
22-Aug-15 9:30:00 AM BST,{ },{ok},2988.0 mbar
22-Aug-15 9:35:00 AM BST,{ },{ok},2995.0 mbar
22-Aug-15 9:40:00 AM BST,{ },{ok},3076.0 mbar
22-Aug-15 9:45:00 AM BST,{ },{ok},3098.0 mbar
22-Aug-15 9:50:00 AM BST,{ },{ok},3090.0 mbar
22-Aug-15 9:55:00 AM BST,{ },{ok},3083.0 mbar
22-Aug-15 10:00:00 AM BST,{ },{ok},3068.0 mbar
22-Aug-15 10:05:00 AM BST,{ },{ok},24.0 mbar
22-Aug-15 10:10:00 AM BST,{ },{ok},17.0 mbar
22-Aug-15 10:15:00 AM BST,{ },{ok},3090.0 mbar
22-Aug-15 10:20:00 AM BST,{ },{ok},3112.0 mbar
22-Aug-15 10:25:00 AM BST,{ },{ok},3112.0 mbar
22-Aug-15 10:30:00 AM BST,{ },{ok},3105.0 mbar
22-Aug-15 10:35:00 AM BST,{ },{ok},3120.0 mbar
22-Aug-15 10:40:00 AM BST,{ },{ok},3105.0 mbar
22-Aug-15 10:45:00 AM BST,{ },{ok},3237.0 mbar
22-Aug-15 10:50:00 AM BST,{ },{ok},3112.0 mbar
22-Aug-15 10:55:00 AM BST,{ },{ok},3112.0 mbar
22-Aug-15 11:00:00 AM BST,{ },{ok},3156.0 mbar
22-Aug-15 11:05:00 AM BST,{ },{ok},3120.0 mbar
22-Aug-15 11:10:00 AM BST,{ },{ok},3083.0 mbar
22-Aug-15 11:15:00 AM BST,{ },{ok},3127.0 mbar
22-Aug-15 11:20:00 AM BST,{ },{ok},3127.0 mbar
22-Aug-15 11:25:00 AM BST,{ },{ok},3098.0 mbar
22-Aug-15 11:30:00 AM BST,{ },{ok},3090.0 mbar
22-Aug-15 11:35:00 AM BST,{ },{ok},3098.0 mbar
22-Aug-15 11:40:00 AM BST,{ },{ok},3090.0 mbar
22-Aug-15 11:45:00 AM BST,{ },{ok},3266.0 mbar
22-Aug-15 11:50:00 AM BST,{ },{ok},3127.0 mbar
22-Aug-15 11:55:00 AM BST,{ },{ok},3120.0 mbar
22-Aug-15 12:00:00 PM BST,{ },{ok},3098.0 mbar
22-Aug-15 12:05:00 PM BST,{ },{ok},3090.0 mbar
22-Aug-15 12:10:00 PM BST,{ },{ok},3083.0 mbar
22-Aug-15 12:15:00 PM BST,{ },{ok},24.0 mbar
22-Aug-15 12:20:00 PM BST,{ },{ok},3068.0 mbar
22-Aug-15 12:25:00 PM BST,{ },{ok},3112.0 mbar
22-Aug-15 12:30:00 PM BST,{ },{ok},3127.0 mbar
22-Aug-15 12:35:00 PM BST,{ },{ok},3120.0 mbar
22-Aug-15 12:40:00 PM BST,{ },{ok},3127.0 mbar
22-Aug-15 12:45:00 PM BST,{ },{ok},3098.0 mbar
22-Aug-15 12:50:00 PM BST,{ },{ok},3098.0 mbar
22-Aug-15 12:55:00 PM BST,{ },{ok},3127.0 mbar
22-Aug-15 1:00:00 PM BST,{ },{ok},1129.0 mbar
22-Aug-15 1:05:00 PM BST,{ },{ok},3259.0 mbar
22-Aug-15 1:10:00 PM BST,{ },{ok},24.0 mbar
22-Aug-15 1:15:00 PM BST,{ },{ok},3024.0 mbar
22-Aug-15 1:20:00 PM BST,{ },{ok},3024.0 mbar
22-Aug-15 1:25:00 PM BST,{ },{ok},3098.0 mbar
22-Aug-15 1:30:00 PM BST,{ },{ok},24.0 mbar
22-Aug-15 1:35:00 PM BST,{ },{ok},3098.0 mbar
22-Aug-15 1:40:00 PM BST,{ },{ok},3090.0 mbar
22-Aug-15 1:45:00 PM BST,{ },{ok},3076.0 mbar
22-Aug-15 1:50:00 PM BST,{ },{ok},3090.0 mbar
22-Aug-15 1:55:00 PM BST,{ },{ok},3098.0 mbar
22-Aug-15 2:00:00 PM BST,{ },{ok},3127.0 mbar
22-Aug-15 2:05:00 PM BST,{ },{ok},3120.0 mbar
22-Aug-15 2:10:00 PM BST,{ },{ok},3112.0 mbar
22-Aug-15 2:15:00 PM BST,{ },{ok},3120.0 mbar
22-Aug-15 2:20:00 PM BST,{ },{ok},3120.0 mbar
22-Aug-15 2:25:00 PM BST,{ },{ok},24.0 mbar
22-Aug-15 2:30:00 PM BST,{ },{ok},3112.0 mbar
22-Aug-15 2:35:00 PM BST,{ },{ok},3098.0 mbar
22-Aug-15 2:40:00 PM BST,{ },{ok},3105.0 mbar
22-Aug-15 2:45:00 PM BST,{ },{ok},3010.0 mbar
22-Aug-15 2:50:00 PM BST,{ },{ok},24.0 mbar
22-Aug-15 2:55:00 PM BST,{ },{ok},17.0 mbar
22-Aug-15 3:00:00 PM BST,{ },{ok},3105.0 mbar
22-Aug-15 3:05:00 PM BST,{ },{ok},3120.0 mbar
22-Aug-15 3:10:00 PM BST,{ },{ok},3112.0 mbar
22-Aug-15 3:15:00 PM BST,{ },{ok},3098.0 mbar
22-Aug-15 3:20:00 PM BST,{ },{ok},3120.0 mbar
22-Aug-15 3:25:00 PM BST,{ },{ok},3120.0 mbar
22-Aug-15 3:30:00 PM BST,{ },{ok},3112.0 mbar
22-Aug-15 3:35:00 PM BST,{ },{ok},3112.0 mbar
22-Aug-15 3:40:00 PM BST,{ },{ok},3112.0 mbar
22-Aug-15 3:45:00 PM BST,{ },{ok},3112.0 mbar
22-Aug-15 3:50:00 PM BST,{ },{ok},17.0 mbar
22-Aug-15 3:55:00 PM BST,{ },{ok},3098.0 mbar
22-Aug-15 4:00:00 PM BST,{ },{ok},24.0 mbar
22-Aug-15 4:05:00 PM BST,{ },{ok},24.0 mbar
22-Aug-15 4:10:00 PM BST,{ },{ok},3120.0 mbar
22-Aug-15 4:15:00 PM BST,{ },{ok},3120.0 mbar
22-Aug-15 4:20:00 PM BST,{ },{ok},3120.0 mbar
22-Aug-15 4:25:00 PM BST,{ },{ok},3105.0 mbar
22-Aug-15 4:30:00 PM BST,{ },{ok},3105.0 mbar
22-Aug-15 4:35:00 PM BST,{ },{ok},3120.0 mbar
22-Aug-15 4:40:00 PM BST,{ },{ok},3083.0 mbar
22-Aug-15 4:45:00 PM BST,{ },{ok},3054.0 mbar
22-Aug-15 4:50:00 PM BST,{ },{ok},3178.0 mbar
22-Aug-15 4:55:00 PM BST,{ },{ok},3098.0 mbar
22-Aug-15 5:00:00 PM BST,{ },{ok},3083.0 mbar
22-Aug-15 5:05:00 PM BST,{ },{ok},3105.0 mbar
22-Aug-15 5:10:00 PM BST,{ },{ok},24.0 mbar
22-Aug-15 5:15:00 PM BST,{ },{ok},3120.0 mbar
22-Aug-15 5:20:00 PM BST,{ },{ok},3112.0 mbar
22-Aug-15 5:25:00 PM BST,{ },{ok},3127.0 mbar
22-Aug-15 5:30:00 PM BST,{ },{ok},24.0 mbar
22-Aug-15 5:35:00 PM BST,{ },{ok},3083.0 mbar
22-Aug-15 5:40:00 PM BST,{ },{ok},24.0 mbar
22-Aug-15 5:45:00 PM BST,{ },{ok},3120.0 mbar
22-Aug-15 5:50:00 PM BST,{ },{ok},3083.0 mbar
22-Aug-15 5:55:00 PM BST,{ },{ok},3002.0 mbar
22-Aug-15 6:00:00 PM BST,{ },{ok},3120.0 mbar
22-Aug-15 6:05:00 PM BST,{ },{ok},3120.0 mbar
22-Aug-15 6:10:00 PM BST,{ },{ok},24.0 mbar
22-Aug-15 6:15:00 PM BST,{ },{ok},3156.0 mbar
22-Aug-15 6:20:00 PM BST,{ },{ok},3112.0 mbar
22-Aug-15 6:25:00 PM BST,{ },{ok},3127.0 mbar
22-Aug-15 6:30:00 PM BST,{ },{ok},3120.0 mbar
22-Aug-15 6:35:00 PM BST,{ },{ok},3105.0 mbar
22-Aug-15 6:40:00 PM BST,{ },{ok},17.0 mbar
22-Aug-15 6:45:00 PM BST,{ },{ok},3098.0 mbar
22-Aug-15 6:50:00 PM BST,{ },{ok},3098.0 mbar
22-Aug-15 6:55:00 PM BST,{ },{ok},3098.0 mbar
22-Aug-15 7:00:00 PM BST,{ },{ok},3105.0 mbar
22-Aug-15 7:05:00 PM BST,{ },{ok},3090.0 mbar
22-Aug-15 7:10:00 PM BST,{ },{ok},24.0 mbar
22-Aug-15 7:15:00 PM BST,{ },{ok},3098.0 mbar
22-Aug-15 7:20:00 PM BST,{ },{ok},3112.0 mbar
22-Aug-15 7:25:00 PM BST,{ },{ok},3156.0 mbar
22-Aug-15 7:30:00 PM BST,{ },{ok},3127.0 mbar
22-Aug-15 7:35:00 PM BST,{ },{ok},3112.0 mbar
22-Aug-15 7:40:00 PM BST,{ },{ok},3141.0 mbar
22-Aug-15 7:45:00 PM BST,{ },{ok},3178.0 mbar
22-Aug-15 7:50:00 PM BST,{ },{ok},3120.0 mbar
22-Aug-15 7:55:00 PM BST,{ },{ok},3105.0 mbar
22-Aug-15 8:00:00 PM BST,{ },{ok},3083.0 mbar
22-Aug-15 8:05:00 PM BST,{ },{ok},3076.0 mbar
22-Aug-15 8:10:00 PM BST,{ },{ok},24.0 mbar
22-Aug-15 8:15:00 PM BST,{ },{ok},24.0 mbar
22-Aug-15 8:20:00 PM BST,{ },{ok},3083.0 mbar
22-Aug-15 8:25:00 PM BST,{ },{ok},3120.0 mbar
22-Aug-15 8:30:00 PM BST,{ },{ok},3120.0 mbar
22-Aug-15 8:35:00 PM BST,{ },{ok},3120.0 mbar
22-Aug-15 8:40:00 PM BST,{ },{ok},3112.0 mbar
22-Aug-15 8:45:00 PM BST,{ },{ok},3120.0 mbar
22-Aug-15 8:50:00 PM BST,{ },{ok},3090.0 mbar
22-Aug-15 8:55:00 PM BST,{ },{ok},3098.0 mbar
22-Aug-15 9:00:00 PM BST,{ },{ok},3105.0 mbar
22-Aug-15 9:05:00 PM BST,{ },{ok},3098.0 mbar
22-Aug-15 9:10:00 PM BST,{ },{ok},3390.0 mbar
22-Aug-15 9:15:00 PM BST,{ },{ok},3002.0 mbar
22-Aug-15 9:20:00 PM BST,{ },{ok},3090.0 mbar
22-Aug-15 9:25:00 PM BST,{ },{ok},83.0 mbar
22-Aug-15 9:30:00 PM BST,{ },{ok},17.0 mbar
22-Aug-15 9:35:00 PM BST,{ },{ok},3134.0 mbar
22-Aug-15 9:40:00 PM BST,{ },{ok},3076.0 mbar
22-Aug-15 9:45:00 PM BST,{ },{ok},3127.0 mbar
22-Aug-15 9:50:00 PM BST,{ },{ok},3098.0 mbar
22-Aug-15 9:55:00 PM BST,{ },{ok},3098.0 mbar
22-Aug-15 10:00:00 PM BST,{ },{ok},3068.0 mbar
22-Aug-15 10:05:00 PM BST,{ },{ok},3046.0 mbar
22-Aug-15 10:10:00 PM BST,{ },{ok},24.0 mbar
22-Aug-15 10:15:00 PM BST,{ },{ok},3098.0 mbar
22-Aug-15 10:20:00 PM BST,{ },{ok},3090.0 mbar
22-Aug-15 10:25:00 PM BST,{ },{ok},3076.0 mbar
22-Aug-15 10:30:00 PM BST,{ },{ok},3098.0 mbar
22-Aug-15 10:35:00 PM BST,{ },{ok},24.0 mbar
22-Aug-15 10:40:00 PM BST,{ },{ok},17.0 mbar
22-Aug-15 10:45:00 PM BST,{ },{ok},3222.0 mbar
22-Aug-15 10:50:00 PM BST,{ },{ok},3105.0 mbar
22-Aug-15 10:55:00 PM BST,{ },{ok},17.0 mbar
22-Aug-15 11:00:00 PM BST,{ },{ok},3083.0 mbar
22-Aug-15 11:05:00 PM BST,{ },{ok},3076.0 mbar
22-Aug-15 11:10:00 PM BST,{ },{ok},3112.0 mbar
22-Aug-15 11:15:00 PM BST,{ },{ok},3120.0 mbar
22-Aug-15 11:20:00 PM BST,{ },{ok},3112.0 mbar
22-Aug-15 11:25:00 PM BST,{ },{ok},3120.0 mbar
22-Aug-15 11:30:00 PM BST,{ },{ok},3127.0 mbar
22-Aug-15 11:35:00 PM BST,{ },{ok},3120.0 mbar
22-Aug-15 11:40:00 PM BST,{ },{ok},3120.0 mbar
22-Aug-15 11:45:00 PM BST,{ },{ok},3090.0 mbar
22-Aug-15 11:50:00 PM BST,{ },{ok},3039.0 mbar
22-Aug-15 11:55:00 PM BST,{ },{ok},3112.0 mbar
23-Aug-15 12:00:00 AM BST,{ },{ok},3120.0 mbar
23-Aug-15 12:05:00 AM BST,{ },{ok},3112.0 mbar
23-Aug-15 12:10:00 AM BST,{ },{ok},3112.0 mbar
23-Aug-15 12:15:00 AM BST,{ },{ok},3105.0 mbar
23-Aug-15 12:20:00 AM BST,{ },{ok},3061.0 mbar
23-Aug-15 12:25:00 AM BST,{ },{ok},3127.0 mbar
23-Aug-15 12:30:00 AM BST,{ },{ok},3127.0 mbar
23-Aug-15 12:35:00 AM BST,{ },{ok},3112.0 mbar
23-Aug-15 12:40:00 AM BST,{ },{ok},3112.0 mbar
23-Aug-15 12:45:00 AM BST,{ },{ok},3120.0 mbar
23-Aug-15 12:50:00 AM BST,{ },{ok},3090.0 mbar
23-Aug-15 12:55:00 AM BST,{ },{ok},3127.0 mbar
23-Aug-15 1:00:00 AM BST,{ },{ok},24.0 mbar
23-Aug-15 1:05:00 AM BST,{ },{ok},3098.0 mbar
23-Aug-15 1:10:00 AM BST,{ },{ok},3120.0 mbar
23-Aug-15 1:15:00 AM BST,{ },{ok},3105.0 mbar
23-Aug-15 1:20:00 AM BST,{ },{ok},3266.0 mbar
23-Aug-15 1:25:00 AM BST,{ },{ok},3127.0 mbar
23-Aug-15 1:30:00 AM BST,{ },{ok},3112.0 mbar
23-Aug-15 1:35:00 AM BST,{ },{ok},3017.0 mbar
23-Aug-15 1:40:00 AM BST,{ },{ok},3141.0 mbar
23-Aug-15 1:45:00 AM BST,{ },{ok},3083.0 mbar
23-Aug-15 1:50:00 AM BST,{ },{ok},3090.0 mbar
23-Aug-15 1:55:00 AM BST,{ },{ok},3112.0 mbar
23-Aug-15 2:00:00 AM BST,{ },{ok},3105.0 mbar
23-Aug-15 2:05:00 AM BST,{ },{ok},3120.0 mbar
23-Aug-15 2:10:00 AM BST,{ },{ok},3112.0 mbar
23-Aug-15 2:15:00 AM BST,{ },{ok},3120.0 mbar
23-Aug-15 2:20:00 AM BST,{ },{ok},3120.0 mbar
23-Aug-15 2:25:00 AM BST,{ },{ok},17.0 mbar
23-Aug-15 2:30:00 AM BST,{ },{ok},3068.0 mbar
23-Aug-15 2:35:00 AM BST,{ },{ok},17.0 mbar
23-Aug-15 2:40:00 AM BST,{ },{ok},17.0 mbar
23-Aug-15 2:45:00 AM BST,{ },{ok},3061.0 mbar
23-Aug-15 2:50:00 AM BST,{ },{ok},24.0 mbar
23-Aug-15 2:55:00 AM BST,{ },{ok},3120.0 mbar
23-Aug-15 3:00:00 AM BST,{ },{ok},3098.0 mbar
23-Aug-15 3:05:00 AM BST,{ },{ok},3090.0 mbar
23-Aug-15 3:10:00 AM BST,{ },{ok},3120.0 mbar
23-Aug-15 3:15:00 AM BST,{ },{ok},3090.0 mbar
23-Aug-15 3:20:00 AM BST,{ },{ok},17.0 mbar
23-Aug-15 3:25:00 AM BST,{ },{ok},3098.0 mbar
23-Aug-15 3:30:00 AM BST,{ },{ok},3098.0 mbar
23-Aug-15 3:35:00 AM BST,{ },{ok},3120.0 mbar
23-Aug-15 3:40:00 AM BST,{ },{ok},3090.0 mbar
23-Aug-15 3:45:00 AM BST,{ },{ok},3112.0 mbar
23-Aug-15 3:50:00 AM BST,{ },{ok},3112.0 mbar
23-Aug-15 3:55:00 AM BST,{ },{ok},3076.0 mbar
23-Aug-15 4:00:00 AM BST,{ },{ok},3120.0 mbar
23-Aug-15 4:05:00 AM BST,{ },{ok},3112.0 mbar
23-Aug-15 4:10:00 AM BST,{ },{ok},3076.0 mbar
23-Aug-15 4:15:00 AM BST,{ },{ok},3120.0 mbar
23-Aug-15 4:20:00 AM BST,{ },{ok},3127.0 mbar
23-Aug-15 4:25:00 AM BST,{ },{ok},3112.0 mbar
23-Aug-15 4:30:00 AM BST,{ },{ok},3112.0 mbar
23-Aug-15 4:35:00 AM BST,{ },{ok},3120.0 mbar
23-Aug-15 4:40:00 AM BST,{ },{ok},2973.0 mbar
23-Aug-15 4:45:00 AM BST,{ },{ok},17.0 mbar
23-Aug-15 4:50:00 AM BST,{ },{ok},17.0 mbar
23-Aug-15 4:55:00 AM BST,{ },{ok},3105.0 mbar
23-Aug-15 5:00:00 AM BST,{ },{ok},24.0 mbar
23-Aug-15 5:05:00 AM BST,{ },{ok},3120.0 mbar
23-Aug-15 5:10:00 AM BST,{ },{ok},3120.0 mbar
23-Aug-15 5:15:00 AM BST,{ },{ok},3120.0 mbar
23-Aug-15 5:20:00 AM BST,{ },{ok},3112.0 mbar
23-Aug-15 5:25:00 AM BST,{ },{ok},3112.0 mbar
23-Aug-15 5:30:00 AM BST,{ },{ok},24.0 mbar
23-Aug-15 5:35:00 AM BST,{ },{ok},3120.0 mbar
23-Aug-15 5:40:00 AM BST,{ },{ok},3076.0 mbar
23-Aug-15 5:45:00 AM BST,{ },{ok},24.0 mbar
23-Aug-15 5:50:00 AM BST,{ },{ok},3090.0 mbar
23-Aug-15 5:55:00 AM BST,{ },{ok},3090.0 mbar
23-Aug-15 6:00:00 AM BST,{ },{ok},3120.0 mbar
23-Aug-15 6:05:00 AM BST,{ },{ok},3105.0 mbar
23-Aug-15 6:10:00 AM BST,{ },{ok},3105.0 mbar
23-Aug-15 6:15:00 AM BST,{ },{ok},3083.0 mbar
23-Aug-15 6:20:00 AM BST,{ },{ok},3083.0 mbar
23-Aug-15 6:25:00 AM BST,{ },{ok},3083.0 mbar
23-Aug-15 6:30:00 AM BST,{ },{ok},17.0 mbar
23-Aug-15 6:35:00 AM BST,{ },{ok},24.0 mbar
23-Aug-15 6:40:00 AM BST,{ },{ok},3105.0 mbar
23-Aug-15 6:45:00 AM BST,{ },{ok},3105.0 mbar
23-Aug-15 6:50:00 AM BST,{ },{ok},17.0 mbar
23-Aug-15 6:55:00 AM BST,{ },{ok},3098.0 mbar
23-Aug-15 7:00:00 AM BST,{ },{ok},24.0 mbar
23-Aug-15 7:05:00 AM BST,{ },{ok},3024.0 mbar
23-Aug-15 7:10:00 AM BST,{ },{ok},3112.0 mbar
23-Aug-15 7:15:00 AM BST,{ },{ok},3017.0 mbar
23-Aug-15 7:20:00 AM BST,{ },{ok},3068.0 mbar
23-Aug-15 7:25:00 AM BST,{ },{ok},3068.0 mbar
23-Aug-15 7:30:00 AM BST,{ },{ok},3105.0 mbar
23-Aug-15 7:35:00 AM BST,{ },{ok},3105.0 mbar
23-Aug-15 7:40:00 AM BST,{ },{ok},17.0 mbar
23-Aug-15 7:45:00 AM BST,{ },{ok},3098.0 mbar
23-Aug-15 7:50:00 AM BST,{ },{ok},17.0 mbar
23-Aug-15 7:55:00 AM BST,{ },{ok},3112.0 mbar
23-Aug-15 8:00:00 AM BST,{ },{ok},3120.0 mbar
23-Aug-15 8:05:00 AM BST,{ },{ok},3098.0 mbar
23-Aug-15 8:10:00 AM BST,{ },{ok},3112.0 mbar
23-Aug-15 8:15:00 AM BST,{ },{ok},3112.0 mbar
23-Aug-15 8:20:00 AM BST,{ },{ok},3083.0 mbar
23-Aug-15 8:25:00 AM BST,{ },{ok},3076.0 mbar
23-Aug-15 8:30:00 AM BST,{ },{ok},3120.0 mbar
23-Aug-15 8:35:00 AM BST,{ },{ok},3068.0 mbar
23-Aug-15 8:40:00 AM BST,{ },{ok},3054.0 mbar
23-Aug-15 8:45:00 AM BST,{ },{ok},3054.0 mbar
23-Aug-15 8:50:00 AM BST,{ },{ok},17.0 mbar
23-Aug-15 8:55:00 AM BST,{ },{ok},17.0 mbar
23-Aug-15 9:00:00 AM BST,{ },{ok},3105.0 mbar
23-Aug-15 9:05:00 AM BST,{ },{ok},17.0 mbar
23-Aug-15 9:10:00 AM BST,{ },{ok},3120.0 mbar
23-Aug-15 9:15:00 AM BST,{ },{ok},3120.0 mbar
23-Aug-15 9:20:00 AM BST,{ },{ok},24.0 mbar
23-Aug-15 9:25:00 AM BST,{ },{ok},3105.0 mbar
23-Aug-15 9:30:00 AM BST,{ },{ok},3098.0 mbar
23-Aug-15 9:35:00 AM BST,{ },{ok},17.0 mbar
23-Aug-15 9:40:00 AM BST,{ },{ok},3076.0 mbar
23-Aug-15 9:45:00 AM BST,{ },{ok},3105.0 mbar
23-Aug-15 9:50:00 AM BST,{ },{ok},3112.0 mbar
23-Aug-15 9:55:00 AM BST,{ },{ok},3127.0 mbar
23-Aug-15 10:00:00 AM BST,{ },{ok},3083.0 mbar
23-Aug-15 10:05:00 AM BST,{ },{ok},3120.0 mbar
23-Aug-15 10:10:00 AM BST,{ },{ok},3083.0 mbar
23-Aug-15 10:15:00 AM BST,{ },{ok},3083.0 mbar
23-Aug-15 10:20:00 AM BST,{ },{ok},3076.0 mbar
23-Aug-15 10:25:00 AM BST,{ },{ok},3127.0 mbar
23-Aug-15 10:30:00 AM BST,{ },{ok},3112.0 mbar
23-Aug-15 10:35:00 AM BST,{ },{ok},3098.0 mbar
23-Aug-15 10:40:00 AM BST,{ },{ok},3098.0 mbar
23-Aug-15 10:45:00 AM BST,{ },{ok},3105.0 mbar
23-Aug-15 10:50:00 AM BST,{ },{ok},3098.0 mbar
23-Aug-15 10:55:00 AM BST,{ },{ok},3120.0 mbar
23-Aug-15 11:00:00 AM BST,{ },{ok},3090.0 mbar
23-Aug-15 11:05:00 AM BST,{ },{ok},2995.0 mbar
23-Aug-15 11:10:00 AM BST,{ },{ok},3112.0 mbar
23-Aug-15 11:15:00 AM BST,{ },{ok},3112.0 mbar
23-Aug-15 11:20:00 AM BST,{ },{ok},3120.0 mbar
23-Aug-15 11:25:00 AM BST,{ },{ok},3098.0 mbar
23-Aug-15 11:30:00 AM BST,{ },{ok},3127.0 mbar
23-Aug-15 11:35:00 AM BST,{ },{ok},3112.0 mbar
23-Aug-15 11:40:00 AM BST,{ },{ok},3112.0 mbar
23-Aug-15 11:45:00 AM BST,{ },{ok},3112.0 mbar
23-Aug-15 11:50:00 AM BST,{ },{ok},3127.0 mbar
23-Aug-15 11:55:00 AM BST,{ },{ok},3083.0 mbar
23-Aug-15 12:00:00 PM BST,{ },{ok},3120.0 mbar
23-Aug-15 12:05:00 PM BST,{ },{ok},3127.0 mbar
23-Aug-15 12:10:00 PM BST,{ },{ok},3120.0 mbar
23-Aug-15 12:15:00 PM BST,{ },{ok},17.0 mbar
23-Aug-15 12:20:00 PM BST,{ },{ok},3105.0 mbar
23-Aug-15 12:25:00 PM BST,{ },{ok},24.0 mbar
23-Aug-15 12:30:00 PM BST,{ },{ok},3098.0 mbar
23-Aug-15 12:35:00 PM BST,{ },{ok},3083.0 mbar
23-Aug-15 12:40:00 PM BST,{ },{ok},3105.0 mbar
23-Aug-15 12:45:00 PM BST,{ },{ok},3105.0 mbar
23-Aug-15 12:50:00 PM BST,{ },{ok},3112.0 mbar
23-Aug-15 12:55:00 PM BST,{ },{ok},3120.0 mbar
23-Aug-15 1:00:00 PM BST,{ },{ok},3010.0 mbar
23-Aug-15 1:05:00 PM BST,{ },{ok},3098.0 mbar
23-Aug-15 1:10:00 PM BST,{ },{ok},3105.0 mbar
23-Aug-15 1:15:00 PM BST,{ },{ok},3127.0 mbar
23-Aug-15 1:20:00 PM BST,{ },{ok},3120.0 mbar
23-Aug-15 1:25:00 PM BST,{ },{ok},3112.0 mbar
23-Aug-15 1:30:00 PM BST,{ },{ok},3068.0 mbar
23-Aug-15 1:35:00 PM BST,{ },{ok},3105.0 mbar
23-Aug-15 1:40:00 PM BST,{ },{ok},24.0 mbar
23-Aug-15 1:45:00 PM BST,{ },{ok},3120.0 mbar
23-Aug-15 1:50:00 PM BST,{ },{ok},3120.0 mbar
23-Aug-15 1:55:00 PM BST,{ },{ok},3098.0 mbar
23-Aug-15 2:00:00 PM BST,{ },{ok},3149.0 mbar
23-Aug-15 2:05:00 PM BST,{ },{ok},3105.0 mbar
23-Aug-15 2:10:00 PM BST,{ },{ok},3127.0 mbar
23-Aug-15 2:15:00 PM BST,{ },{ok},17.0 mbar
23-Aug-15 2:20:00 PM BST,{ },{ok},3112.0 mbar
23-Aug-15 2:25:00 PM BST,{ },{ok},17.0 mbar
23-Aug-15 2:30:00 PM BST,{ },{ok},3120.0 mbar
23-Aug-15 2:35:00 PM BST,{ },{ok},3076.0 mbar
23-Aug-15 2:40:00 PM BST,{ },{ok},3105.0 mbar
23-Aug-15 2:45:00 PM BST,{ },{ok},3120.0 mbar
23-Aug-15 2:50:00 PM BST,{ },{ok},3105.0 mbar
23-Aug-15 2:55:00 PM BST,{ },{ok},3120.0 mbar
23-Aug-15 3:00:00 PM BST,{ },{ok},3083.0 mbar
23-Aug-15 3:05:00 PM BST,{ },{ok},3120.0 mbar
23-Aug-15 3:10:00 PM BST,{ },{ok},3112.0 mbar
23-Aug-15 3:15:00 PM BST,{ },{ok},3105.0 mbar
23-Aug-15 3:20:00 PM BST,{ },{ok},3098.0 mbar
23-Aug-15 3:25:00 PM BST,{ },{ok},3098.0 mbar
23-Aug-15 3:30:00 PM BST,{ },{ok},3083.0 mbar
23-Aug-15 3:35:00 PM BST,{ },{ok},3112.0 mbar
23-Aug-15 3:40:00 PM BST,{ },{ok},3090.0 mbar
23-Aug-15 3:45:00 PM BST,{ },{ok},3361.0 mbar
23-Aug-15 3:50:00 PM BST,{ },{ok},2995.0 mbar
23-Aug-15 3:55:00 PM BST,{ },{ok},3010.0 mbar
23-Aug-15 4:00:00 PM BST,{ },{ok},3112.0 mbar
23-Aug-15 4:05:00 PM BST,{ },{ok},3112.0 mbar
23-Aug-15 4:10:00 PM BST,{ },{ok},3112.0 mbar
23-Aug-15 4:15:00 PM BST,{ },{ok},17.0 mbar
23-Aug-15 4:20:00 PM BST,{ },{ok},17.0 mbar
23-Aug-15 4:25:00 PM BST,{ },{ok},3083.0 mbar
23-Aug-15 4:30:00 PM BST,{ },{ok},3098.0 mbar
23-Aug-15 4:35:00 PM BST,{ },{ok},3098.0 mbar
23-Aug-15 4:40:00 PM BST,{ },{ok},3112.0 mbar
23-Aug-15 4:45:00 PM BST,{ },{ok},3120.0 mbar
23-Aug-15 4:50:00 PM BST,{ },{ok},3120.0 mbar
23-Aug-15 4:55:00 PM BST,{ },{ok},32.0 mbar
23-Aug-15 5:00:00 PM BST,{ },{ok},3105.0 mbar
23-Aug-15 5:05:00 PM BST,{ },{ok},24.0 mbar
23-Aug-15 5:10:00 PM BST,{ },{ok},24.0 mbar
23-Aug-15 5:15:00 PM BST,{ },{ok},3039.0 mbar
23-Aug-15 5:20:00 PM BST,{ },{ok},3032.0 mbar
23-Aug-15 5:25:00 PM BST,{ },{ok},368.0 mbar
23-Aug-15 5:30:00 PM BST,{ },{ok},17.0 mbar
23-Aug-15 5:35:00 PM BST,{ },{ok},3061.0 mbar
23-Aug-15 5:40:00 PM BST,{ },{ok},3061.0 mbar
23-Aug-15 5:45:00 PM BST,{ },{ok},3112.0 mbar
23-Aug-15 5:50:00 PM BST,{ },{ok},3120.0 mbar
23-Aug-15 5:55:00 PM BST,{ },{ok},3141.0 mbar
23-Aug-15 6:00:00 PM BST,{ },{ok},3076.0 mbar
23-Aug-15 6:05:00 PM BST,{ },{ok},24.0 mbar
23-Aug-15 6:10:00 PM BST,{ },{ok},2900.0 mbar
23-Aug-15 6:15:00 PM BST,{ },{ok},3120.0 mbar
23-Aug-15 6:20:00 PM BST,{ },{ok},3120.0 mbar
23-Aug-15 6:25:00 PM BST,{ },{ok},3120.0 mbar
23-Aug-15 6:30:00 PM BST,{ },{ok},3134.0 mbar
23-Aug-15 6:35:00 PM BST,{ },{ok},3105.0 mbar
23-Aug-15 6:40:00 PM BST,{ },{ok},3127.0 mbar
23-Aug-15 6:45:00 PM BST,{ },{ok},3376.0 mbar
23-Aug-15 6:50:00 PM BST,{ },{ok},3010.0 mbar
23-Aug-15 6:55:00 PM BST,{ },{ok},24.0 mbar
23-Aug-15 7:00:00 PM BST,{ },{ok},3105.0 mbar
23-Aug-15 7:05:00 PM BST,{ },{ok},24.0 mbar
23-Aug-15 7:10:00 PM BST,{ },{ok},3098.0 mbar
23-Aug-15 7:15:00 PM BST,{ },{ok},3090.0 mbar
23-Aug-15 7:20:00 PM BST,{ },{ok},3112.0 mbar
23-Aug-15 7:25:00 PM BST,{ },{ok},3127.0 mbar
23-Aug-15 7:30:00 PM BST,{ },{ok},3083.0 mbar
23-Aug-15 7:35:00 PM BST,{ },{ok},3127.0 mbar
23-Aug-15 7:40:00 PM BST,{ },{ok},3090.0 mbar
23-Aug-15 7:45:00 PM BST,{ },{ok},3098.0 mbar
23-Aug-15 7:50:00 PM BST,{ },{ok},3098.0 mbar
23-Aug-15 7:55:00 PM BST,{ },{ok},24.0 mbar
23-Aug-15 8:00:00 PM BST,{ },{ok},3098.0 mbar
23-Aug-15 8:05:00 PM BST,{ },{ok},3120.0 mbar
23-Aug-15 8:10:00 PM BST,{ },{ok},3098.0 mbar
23-Aug-15 8:15:00 PM BST,{ },{ok},3112.0 mbar
23-Aug-15 8:20:00 PM BST,{ },{ok},3120.0 mbar
23-Aug-15 8:25:00 PM BST,{ },{ok},3112.0 mbar
23-Aug-15 8:30:00 PM BST,{ },{ok},3112.0 mbar
23-Aug-15 8:35:00 PM BST,{ },{ok},3127.0 mbar
23-Aug-15 8:40:00 PM BST,{ },{ok},3120.0 mbar
23-Aug-15 8:45:00 PM BST,{ },{ok},3120.0 mbar
23-Aug-15 8:50:00 PM BST,{ },{ok},3141.0 mbar
23-Aug-15 8:55:00 PM BST,{ },{ok},3090.0 mbar
23-Aug-15 9:00:00 PM BST,{ },{ok},3083.0 mbar
23-Aug-15 9:05:00 PM BST,{ },{ok},3076.0 mbar
23-Aug-15 9:10:00 PM BST,{ },{ok},3105.0 mbar
23-Aug-15 9:15:00 PM BST,{ },{ok},3120.0 mbar
23-Aug-15 9:20:00 PM BST,{ },{ok},3120.0 mbar
23-Aug-15 9:25:00 PM BST,{ },{ok},3310.0 mbar
23-Aug-15 9:30:00 PM BST,{ },{ok},2995.0 mbar
23-Aug-15 9:35:00 PM BST,{ },{ok},3120.0 mbar
23-Aug-15 9:40:00 PM BST,{ },{ok},3098.0 mbar
23-Aug-15 9:45:00 PM BST,{ },{ok},3120.0 mbar
23-Aug-15 9:50:00 PM BST,{ },{ok},3112.0 mbar
23-Aug-15 9:55:00 PM BST,{ },{ok},24.0 mbar
23-Aug-15 10:00:00 PM BST,{ },{ok},2768.0 mbar
23-Aug-15 10:05:00 PM BST,{ },{ok},3098.0 mbar
23-Aug-15 10:10:00 PM BST,{ },{ok},24.0 mbar
23-Aug-15 10:15:00 PM BST,{ },{ok},3120.0 mbar
23-Aug-15 10:20:00 PM BST,{ },{ok},3068.0 mbar
23-Aug-15 10:25:00 PM BST,{ },{ok},17.0 mbar
23-Aug-15 10:30:00 PM BST,{ },{ok},24.0 mbar
23-Aug-15 10:35:00 PM BST,{ },{ok},3120.0 mbar
23-Aug-15 10:40:00 PM BST,{ },{ok},3120.0 mbar
23-Aug-15 10:45:00 PM BST,{ },{ok},3098.0 mbar
23-Aug-15 10:50:00 PM BST,{ },{ok},3083.0 mbar
23-Aug-15 10:55:00 PM BST,{ },{ok},3061.0 mbar
23-Aug-15 11:00:00 PM BST,{ },{ok},3083.0 mbar
23-Aug-15 11:05:00 PM BST,{ },{ok},3193.0 mbar
23-Aug-15 11:10:00 PM BST,{ },{ok},3105.0 mbar
23-Aug-15 11:15:00 PM BST,{ },{ok},24.0 mbar
23-Aug-15 11:20:00 PM BST,{ },{ok},17.0 mbar
23-Aug-15 11:25:00 PM BST,{ },{ok},3105.0 mbar
23-Aug-15 11:30:00 PM BST,{ },{ok},3200.0 mbar
23-Aug-15 11:35:00 PM BST,{ },{ok},3207.0 mbar
23-Aug-15 11:40:00 PM BST,{ },{ok},3112.0 mbar
23-Aug-15 11:45:00 PM BST,{ },{ok},3112.0 mbar
23-Aug-15 11:50:00 PM BST,{ },{ok},3105.0 mbar
23-Aug-15 11:55:00 PM BST,{ },{ok},3076.0 mbar
24-Aug-15 12:00:00 AM BST,{ },{ok},17.0 mbar
24-Aug-15 12:05:00 AM BST,{ },{ok},3120.0 mbar
24-Aug-15 12:10:00 AM BST,{ },{ok},3090.0 mbar
24-Aug-15 12:15:00 AM BST,{ },{ok},3090.0 mbar
24-Aug-15 12:20:00 AM BST,{ },{ok},3105.0 mbar
24-Aug-15 12:25:00 AM BST,{ },{ok},3098.0 mbar
24-Aug-15 12:30:00 AM BST,{ },{ok},2995.0 mbar
24-Aug-15 12:35:00 AM BST,{ },{ok},3076.0 mbar
24-Aug-15 12:40:00 AM BST,{ },{ok},3061.0 mbar
24-Aug-15 12:45:00 AM BST,{ },{ok},3185.0 mbar
24-Aug-15 12:50:00 AM BST,{ },{ok},3112.0 mbar
24-Aug-15 12:55:00 AM BST,{ },{ok},3120.0 mbar
24-Aug-15 1:00:00 AM BST,{ },{ok},3120.0 mbar
24-Aug-15 1:05:00 AM BST,{ },{ok},3105.0 mbar
24-Aug-15 1:10:00 AM BST,{ },{ok},3112.0 mbar
24-Aug-15 1:15:00 AM BST,{ },{ok},3127.0 mbar
24-Aug-15 1:20:00 AM BST,{ },{ok},3112.0 mbar
24-Aug-15 1:25:00 AM BST,{ },{ok},3098.0 mbar
24-Aug-15 1:30:00 AM BST,{ },{ok},3090.0 mbar
24-Aug-15 1:35:00 AM BST,{ },{ok},3120.0 mbar
24-Aug-15 1:40:00 AM BST,{ },{ok},3068.0 mbar
24-Aug-15 1:45:00 AM BST,{ },{ok},3061.0 mbar
24-Aug-15 1:50:00 AM BST,{ },{ok},3112.0 mbar
24-Aug-15 1:55:00 AM BST,{ },{ok},3120.0 mbar
24-Aug-15 2:00:00 AM BST,{ },{ok},3098.0 mbar
24-Aug-15 2:05:00 AM BST,{ },{ok},3112.0 mbar
24-Aug-15 2:10:00 AM BST,{ },{ok},3120.0 mbar
24-Aug-15 2:15:00 AM BST,{ },{ok},3112.0 mbar
24-Aug-15 2:20:00 AM BST,{ },{ok},3068.0 mbar
24-Aug-15 2:25:00 AM BST,{ },{ok},3068.0 mbar
24-Aug-15 2:30:00 AM BST,{ },{ok},3068.0 mbar
24-Aug-15 2:35:00 AM BST,{ },{ok},3061.0 mbar
24-Aug-15 2:40:00 AM BST,{ },{ok},17.0 mbar
24-Aug-15 2:45:00 AM BST,{ },{ok},3207.0 mbar
24-Aug-15 2:50:00 AM BST,{ },{ok},3098.0 mbar
24-Aug-15 2:55:00 AM BST,{ },{ok},3105.0 mbar
24-Aug-15 3:00:00 AM BST,{ },{ok},3068.0 mbar
24-Aug-15 3:05:00 AM BST,{ },{ok},3032.0 mbar
24-Aug-15 3:10:00 AM BST,{ },{ok},46.0 mbar
24-Aug-15 3:15:00 AM BST,{ },{ok},3076.0 mbar
24-Aug-15 3:20:00 AM BST,{ },{ok},3083.0 mbar
24-Aug-15 3:25:00 AM BST,{ },{ok},17.0 mbar
24-Aug-15 3:30:00 AM BST,{ },{ok},3105.0 mbar
24-Aug-15 3:35:00 AM BST,{ },{ok},3090.0 mbar
24-Aug-15 3:40:00 AM BST,{ },{ok},3105.0 mbar
24-Aug-15 3:45:00 AM BST,{ },{ok},3076.0 mbar
24-Aug-15 3:50:00 AM BST,{ },{ok},3061.0 mbar
24-Aug-15 3:55:00 AM BST,{ },{ok},2988.0 mbar
24-Aug-15 4:00:00 AM BST,{ },{ok},3076.0 mbar
24-Aug-15 4:05:00 AM BST,{ },{ok},17.0 mbar
24-Aug-15 4:10:00 AM BST,{ },{ok},3120.0 mbar
24-Aug-15 4:15:00 AM BST,{ },{ok},3098.0 mbar
24-Aug-15 4:20:00 AM BST,{ },{ok},3112.0 mbar
24-Aug-15 4:25:00 AM BST,{ },{ok},17.0 mbar
24-Aug-15 4:30:00 AM BST,{ },{ok},3120.0 mbar
24-Aug-15 4:35:00 AM BST,{ },{ok},17.0 mbar
24-Aug-15 4:40:00 AM BST,{ },{ok},3120.0 mbar
24-Aug-15 4:45:00 AM BST,{ },{ok},3046.0 mbar
24-Aug-15 4:50:00 AM BST,{ },{ok},3105.0 mbar
24-Aug-15 4:55:00 AM BST,{ },{ok},17.0 mbar
24-Aug-15 5:00:00 AM BST,{ },{ok},3068.0 mbar
24-Aug-15 5:05:00 AM BST,{ },{ok},17.0 mbar
24-Aug-15 5:10:00 AM BST,{ },{ok},3098.0 mbar
24-Aug-15 5:15:00 AM BST,{ },{ok},3112.0 mbar
24-Aug-15 5:20:00 AM BST,{ },{ok},3083.0 mbar
24-Aug-15 5:25:00 AM BST,{ },{ok},3076.0 mbar
24-Aug-15 5:30:00 AM BST,{ },{ok},24.0 mbar
24-Aug-15 5:35:00 AM BST,{ },{ok},3120.0 mbar
24-Aug-15 5:40:00 AM BST,{ },{ok},3068.0 mbar
24-Aug-15 5:45:00 AM BST,{ },{ok},17.0 mbar
24-Aug-15 5:50:00 AM BST,{ },{ok},3024.0 mbar
24-Aug-15 5:55:00 AM BST,{ },{ok},3068.0 mbar
24-Aug-15 6:00:00 AM BST,{ },{ok},3068.0 mbar
24-Aug-15 6:05:00 AM BST,{ },{ok},3098.0 mbar
24-Aug-15 6:10:00 AM BST,{ },{ok},3120.0 mbar
24-Aug-15 6:15:00 AM BST,{ },{ok},3112.0 mbar
24-Aug-15 6:20:00 AM BST,{ },{ok},17.0 mbar
24-Aug-15 6:25:00 AM BST,{ },{ok},3156.0 mbar
24-Aug-15 6:30:00 AM BST,{ },{ok},3098.0 mbar
24-Aug-15 6:35:00 AM BST,{ },{ok},3127.0 mbar
24-Aug-15 6:40:00 AM BST,{ },{ok},3098.0 mbar
24-Aug-15 6:45:00 AM BST,{ },{ok},3105.0 mbar
24-Aug-15 6:50:00 AM BST,{ },{ok},3112.0 mbar
24-Aug-15 6:55:00 AM BST,{ },{ok},3112.0 mbar
24-Aug-15 7:00:00 AM BST,{ },{ok},3105.0 mbar
24-Aug-15 7:05:00 AM BST,{ },{ok},3112.0 mbar
24-Aug-15 7:10:00 AM BST,{ },{ok},3112.0 mbar
24-Aug-15 7:15:00 AM BST,{ },{ok},3112.0 mbar
24-Aug-15 7:20:00 AM BST,{ },{ok},3105.0 mbar
24-Aug-15 7:25:00 AM BST,{ },{ok},3083.0 mbar
24-Aug-15 7:30:00 AM BST,{ },{ok},3112.0 mbar
24-Aug-15 7:35:00 AM BST,{ },{ok},3112.0 mbar
24-Aug-15 7:40:00 AM BST,{ },{ok},3105.0 mbar
24-Aug-15 7:45:00 AM BST,{ },{ok},580.0 mbar
24-Aug-15 7:50:00 AM BST,{ },{ok},3112.0 mbar
24-Aug-15 7:55:00 AM BST,{ },{ok},3112.0 mbar
24-Aug-15 8:00:00 AM BST,{ },{ok},3054.0 mbar
24-Aug-15 8:05:00 AM BST,{ },{ok},2988.0 mbar
24-Aug-15 8:10:00 AM BST,{ },{ok},3002.0 mbar
24-Aug-15 8:15:00 AM BST,{ },{ok},3112.0 mbar
24-Aug-15 8:20:00 AM BST,{ },{ok},3076.0 mbar
24-Aug-15 8:25:00 AM BST,{ },{ok},3090.0 mbar
24-Aug-15 8:30:00 AM BST,{ },{ok},24.0 mbar
24-Aug-15 8:35:00 AM BST,{ },{ok},3120.0 mbar
24-Aug-15 8:40:00 AM BST,{ },{ok},3105.0 mbar
24-Aug-15 8:45:00 AM BST,{ },{ok},3112.0 mbar
24-Aug-15 8:50:00 AM BST,{ },{ok},17.0 mbar
24-Aug-15 8:55:00 AM BST,{ },{ok},3061.0 mbar
24-Aug-15 9:00:00 AM BST,{ },{ok},3083.0 mbar
24-Aug-15 9:05:00 AM BST,{ },{ok},3112.0 mbar
24-Aug-15 9:10:00 AM BST,{ },{ok},3112.0 mbar
24-Aug-15 9:15:00 AM BST,{ },{ok},17.0 mbar
24-Aug-15 9:20:00 AM BST,{ },{ok},3068.0 mbar
24-Aug-15 9:25:00 AM BST,{ },{ok},3061.0 mbar
24-Aug-15 9:30:00 AM BST,{ },{ok},3237.0 mbar
24-Aug-15 9:35:00 AM BST,{ },{ok},3068.0 mbar
24-Aug-15 9:40:00 AM BST,{ },{ok},3068.0 mbar
24-Aug-15 9:45:00 AM BST,{ },{ok},3120.0 mbar
24-Aug-15 9:50:00 AM BST,{ },{ok},3090.0 mbar
24-Aug-15 9:55:00 AM BST,{ },{ok},3105.0 mbar
24-Aug-15 10:00:00 AM BST,{ },{ok},24.0 mbar
24-Aug-15 10:05:00 AM BST,{ },{ok},24.0 mbar
24-Aug-15 10:10:00 AM BST,{ },{ok},3120.0 mbar
24-Aug-15 10:15:00 AM BST,{ },{ok},17.0 mbar
24-Aug-15 10:20:00 AM BST,{ },{ok},17.0 mbar
24-Aug-15 10:25:00 AM BST,{ },{ok},3105.0 mbar
24-Aug-15 10:30:00 AM BST,{ },{ok},2980.0 mbar
24-Aug-15 10:35:00 AM BST,{ },{ok},3083.0 mbar
24-Aug-15 10:40:00 AM BST,{ },{ok},3083.0 mbar
24-Aug-15 10:45:00 AM BST,{ },{ok},3120.0 mbar
24-Aug-15 10:50:00 AM BST,{ },{ok},134.0 mbar
24-Aug-15 10:55:00 AM BST,{ },{ok},3098.0 mbar
24-Aug-15 11:00:00 AM BST,{ },{ok},3105.0 mbar
24-Aug-15 11:05:00 AM BST,{ },{ok},3083.0 mbar
24-Aug-15 11:10:00 AM BST,{ },{ok},3068.0 mbar
24-Aug-15 11:15:00 AM BST,{ },{ok},3098.0 mbar
24-Aug-15 11:20:00 AM BST,{ },{ok},3112.0 mbar
24-Aug-15 11:25:00 AM BST,{ },{ok},3112.0 mbar
24-Aug-15 11:30:00 AM BST,{ },{ok},3098.0 mbar
24-Aug-15 11:35:00 AM BST,{ },{ok},3120.0 mbar
24-Aug-15 11:40:00 AM BST,{ },{ok},3105.0 mbar
24-Aug-15 11:45:00 AM BST,{ },{ok},3090.0 mbar
24-Aug-15 11:50:00 AM BST,{ },{ok},3112.0 mbar
24-Aug-15 11:55:00 AM BST,{ },{ok},3120.0 mbar
24-Aug-15 12:00:00 PM BST,{ },{ok},3120.0 mbar
24-Aug-15 12:05:00 PM BST,{ },{ok},3090.0 mbar
24-Aug-15 12:10:00 PM BST,{ },{ok},3120.0 mbar
24-Aug-15 12:15:00 PM BST,{ },{ok},3098.0 mbar
24-Aug-15 12:20:00 PM BST,{ },{ok},3105.0 mbar
24-Aug-15 12:25:00 PM BST,{ },{ok},3127.0 mbar
24-Aug-15 12:30:00 PM BST,{ },{ok},3112.0 mbar
24-Aug-15 12:35:00 PM BST,{ },{ok},3120.0 mbar
24-Aug-15 12:40:00 PM BST,{ },{ok},3127.0 mbar
24-Aug-15 12:45:00 PM BST,{ },{ok},3120.0 mbar
24-Aug-15 12:50:00 PM BST,{ },{ok},3120.0 mbar
24-Aug-15 12:55:00 PM BST,{ },{ok},3098.0 mbar
24-Aug-15 1:00:00 PM BST,{ },{ok},24.0 mbar
24-Aug-15 1:05:00 PM BST,{ },{ok},3120.0 mbar
24-Aug-15 1:10:00 PM BST,{ },{ok},3061.0 mbar
24-Aug-15 1:15:00 PM BST,{ },{ok},3120.0 mbar
24-Aug-15 1:20:00 PM BST,{ },{ok},3076.0 mbar
24-Aug-15 1:25:00 PM BST,{ },{ok},3076.0 mbar
24-Aug-15 1:30:00 PM BST,{ },{ok},3120.0 mbar
24-Aug-15 1:35:00 PM BST,{ },{ok},3288.0 mbar
24-Aug-15 1:40:00 PM BST,{ },{ok},3002.0 mbar
24-Aug-15 1:45:00 PM BST,{ },{ok},3120.0 mbar
24-Aug-15 1:50:00 PM BST,{ },{ok},3120.0 mbar
24-Aug-15 1:55:00 PM BST,{ },{ok},3112.0 mbar
24-Aug-15 2:00:00 PM BST,{ },{ok},17.0 mbar
24-Aug-15 2:05:00 PM BST,{ },{ok},3090.0 mbar
24-Aug-15 2:10:00 PM BST,{ },{ok},3120.0 mbar
24-Aug-15 2:15:00 PM BST,{ },{ok},3120.0 mbar
24-Aug-15 2:20:00 PM BST,{ },{ok},3112.0 mbar
24-Aug-15 2:25:00 PM BST,{ },{ok},3120.0 mbar
24-Aug-15 2:30:00 PM BST,{ },{ok},3127.0 mbar
24-Aug-15 2:35:00 PM BST,{ },{ok},3120.0 mbar
24-Aug-15 2:40:00 PM BST,{ },{ok},3127.0 mbar
24-Aug-15 2:45:00 PM BST,{ },{ok},3098.0 mbar
24-Aug-15 2:50:00 PM BST,{ },{ok},24.0 mbar
24-Aug-15 2:55:00 PM BST,{ },{ok},3112.0 mbar
24-Aug-15 3:00:00 PM BST,{ },{ok},3112.0 mbar
24-Aug-15 3:05:00 PM BST,{ },{ok},3112.0 mbar
24-Aug-15 3:10:00 PM BST,{ },{ok},24.0 mbar
24-Aug-15 3:15:00 PM BST,{ },{ok},3112.0 mbar
24-Aug-15 3:20:00 PM BST,{ },{ok},17.0 mbar
24-Aug-15 3:25:00 PM BST,{ },{ok},3120.0 mbar
24-Aug-15 3:30:00 PM BST,{ },{ok},3120.0 mbar
24-Aug-15 3:35:00 PM BST,{ },{ok},17.0 mbar
24-Aug-15 3:40:00 PM BST,{ },{ok},24.0 mbar
24-Aug-15 3:45:00 PM BST,{ },{ok},3112.0 mbar
24-Aug-15 3:50:00 PM BST,{ },{ok},3083.0 mbar
24-Aug-15 3:55:00 PM BST,{ },{ok},24.0 mbar
24-Aug-15 4:00:00 PM BST,{ },{ok},3112.0 mbar
24-Aug-15 4:05:00 PM BST,{ },{ok},3105.0 mbar
24-Aug-15 4:10:00 PM BST,{ },{ok},17.0 mbar
24-Aug-15 4:15:00 PM BST,{ },{ok},3141.0 mbar
24-Aug-15 4:20:00 PM BST,{ },{ok},3120.0 mbar
24-Aug-15 4:25:00 PM BST,{ },{ok},3127.0 mbar
24-Aug-15 4:30:00 PM BST,{ },{ok},3120.0 mbar
24-Aug-15 4:35:00 PM BST,{ },{ok},3112.0 mbar
24-Aug-15 4:40:00 PM BST,{ },{ok},3105.0 mbar
24-Aug-15 4:45:00 PM BST,{ },{ok},3083.0 mbar
24-Aug-15 4:50:00 PM BST,{ },{ok},3098.0 mbar
24-Aug-15 4:55:00 PM BST,{ },{ok},3266.0 mbar
24-Aug-15 5:00:00 PM BST,{ },{ok},3010.0 mbar
24-Aug-15 5:05:00 PM BST,{ },{ok},24.0 mbar
24-Aug-15 5:10:00 PM BST,{ },{ok},3120.0 mbar
24-Aug-15 5:15:00 PM BST,{ },{ok},24.0 mbar
24-Aug-15 5:20:00 PM BST,{ },{ok},3120.0 mbar
24-Aug-15 5:25:00 PM BST,{ },{ok},3105.0 mbar
24-Aug-15 5:30:00 PM BST,{ },{ok},3105.0 mbar
24-Aug-15 5:35:00 PM BST,{ },{ok},3105.0 mbar
24-Aug-15 5:40:00 PM BST,{ },{ok},3083.0 mbar
24-Aug-15 5:45:00 PM BST,{ },{ok},24.0 mbar
24-Aug-15 5:50:00 PM BST,{ },{ok},17.0 mbar
24-Aug-15 5:55:00 PM BST,{ },{ok},3120.0 mbar
24-Aug-15 6:00:00 PM BST,{ },{ok},24.0 mbar
24-Aug-15 6:05:00 PM BST,{ },{ok},24.0 mbar
24-Aug-15 6:10:00 PM BST,{ },{ok},3105.0 mbar
24-Aug-15 6:15:00 PM BST,{ },{ok},24.0 mbar
24-Aug-15 6:20:00 PM BST,{ },{ok},3120.0 mbar
24-Aug-15 6:25:00 PM BST,{ },{ok},3105.0 mbar
24-Aug-15 6:30:00 PM BST,{ },{ok},3193.0 mbar
24-Aug-15 6:35:00 PM BST,{ },{ok},3112.0 mbar
24-Aug-15 6:40:00 PM BST,{ },{ok},3105.0 mbar
24-Aug-15 6:45:00 PM BST,{ },{ok},3105.0 mbar
24-Aug-15 6:50:00 PM BST,{ },{ok},3120.0 mbar
24-Aug-15 6:55:00 PM BST,{ },{ok},3120.0 mbar
24-Aug-15 7:00:00 PM BST,{ },{ok},3171.0 mbar
24-Aug-15 7:05:00 PM BST,{ },{ok},3098.0 mbar
24-Aug-15 7:10:00 PM BST,{ },{ok},3090.0 mbar
24-Aug-15 7:15:00 PM BST,{ },{ok},3098.0 mbar
24-Aug-15 7:20:00 PM BST,{ },{ok},3149.0 mbar
24-Aug-15 7:25:00 PM BST,{ },{ok},3010.0 mbar
24-Aug-15 7:30:00 PM BST,{ },{ok},3076.0 mbar
24-Aug-15 7:35:00 PM BST,{ },{ok},3120.0 mbar
24-Aug-15 7:40:00 PM BST,{ },{ok},24.0 mbar
24-Aug-15 7:45:00 PM BST,{ },{ok},3076.0 mbar
24-Aug-15 7:50:00 PM BST,{ },{ok},3207.0 mbar
24-Aug-15 7:55:00 PM BST,{ },{ok},3120.0 mbar
24-Aug-15 8:00:00 PM BST,{ },{ok},3120.0 mbar
24-Aug-15 8:05:00 PM BST,{ },{ok},3112.0 mbar
24-Aug-15 8:10:00 PM BST,{ },{ok},3149.0 mbar
24-Aug-15 8:15:00 PM BST,{ },{ok},3112.0 mbar
24-Aug-15 8:20:00 PM BST,{ },{ok},3120.0 mbar
24-Aug-15 8:25:00 PM BST,{ },{ok},3120.0 mbar
24-Aug-15 8:30:00 PM BST,{ },{ok},3068.0 mbar
24-Aug-15 8:35:00 PM BST,{ },{ok},3112.0 mbar
24-Aug-15 8:40:00 PM BST,{ },{ok},3076.0 mbar
24-Aug-15 8:45:00 PM BST,{ },{ok},3090.0 mbar
24-Aug-15 8:50:00 PM BST,{ },{ok},3105.0 mbar
24-Aug-15 8:55:00 PM BST,{ },{ok},3076.0 mbar
24-Aug-15 9:00:00 PM BST,{ },{ok},3120.0 mbar
24-Aug-15 9:05:00 PM BST,{ },{ok},3120.0 mbar
24-Aug-15 9:10:00 PM BST,{ },{ok},3112.0 mbar
24-Aug-15 9:15:00 PM BST,{ },{ok},17.0 mbar
24-Aug-15 9:20:00 PM BST,{ },{ok},3105.0 mbar
24-Aug-15 9:25:00 PM BST,{ },{ok},3098.0 mbar
24-Aug-15 9:30:00 PM BST,{ },{ok},3120.0 mbar
24-Aug-15 9:35:00 PM BST,{ },{ok},3112.0 mbar
24-Aug-15 9:40:00 PM BST,{ },{ok},3112.0 mbar
24-Aug-15 9:45:00 PM BST,{ },{ok},3098.0 mbar
24-Aug-15 9:50:00 PM BST,{ },{ok},3127.0 mbar
24-Aug-15 9:55:00 PM BST,{ },{ok},3105.0 mbar
24-Aug-15 10:00:00 PM BST,{ },{ok},3120.0 mbar
24-Aug-15 10:05:00 PM BST,{ },{ok},3083.0 mbar
24-Aug-15 10:10:00 PM BST,{ },{ok},3105.0 mbar
24-Aug-15 10:15:00 PM BST,{ },{ok},3120.0 mbar
24-Aug-15 10:20:00 PM BST,{ },{ok},3127.0 mbar
24-Aug-15 10:25:00 PM BST,{ },{ok},2995.0 mbar
24-Aug-15 10:30:00 PM BST,{ },{ok},3112.0 mbar
24-Aug-15 10:35:00 PM BST,{ },{ok},3098.0 mbar
24-Aug-15 10:40:00 PM BST,{ },{ok},3090.0 mbar
24-Aug-15 10:45:00 PM BST,{ },{ok},24.0 mbar
24-Aug-15 10:50:00 PM BST,{ },{ok},3149.0 mbar
24-Aug-15 10:55:00 PM BST,{ },{ok},3105.0 mbar
24-Aug-15 11:00:00 PM BST,{ },{ok},17.0 mbar
24-Aug-15 11:05:00 PM BST,{ },{ok},3127.0 mbar
24-Aug-15 11:10:00 PM BST,{ },{ok},3068.0 mbar
24-Aug-15 11:15:00 PM BST,{ },{ok},3068.0 mbar
24-Aug-15 11:20:00 PM BST,{ },{ok},3120.0 mbar
24-Aug-15 11:25:00 PM BST,{ },{ok},3054.0 mbar
24-Aug-15 11:30:00 PM BST,{ },{ok},3098.0 mbar
24-Aug-15 11:35:00 PM BST,{ },{ok},3112.0 mbar
24-Aug-15 11:40:00 PM BST,{ },{ok},3090.0 mbar
24-Aug-15 11:45:00 PM BST,{ },{ok},17.0 mbar
24-Aug-15 11:50:00 PM BST,{ },{ok},17.0 mbar
24-Aug-15 11:55:00 PM BST,{ },{ok},3068.0 mbar
25-Aug-15 12:00:00 AM BST,{ },{ok},3112.0 mbar
25-Aug-15 12:05:00 AM BST,{ },{ok},3083.0 mbar
25-Aug-15 12:10:00 AM BST,{ },{ok},3098.0 mbar
25-Aug-15 12:15:00 AM BST,{ },{ok},17.0 mbar
25-Aug-15 12:20:00 AM BST,{ },{ok},3120.0 mbar
25-Aug-15 12:25:00 AM BST,{ },{ok},3112.0 mbar
25-Aug-15 12:30:00 AM BST,{ },{ok},3112.0 mbar
25-Aug-15 12:35:00 AM BST,{ },{ok},3068.0 mbar
25-Aug-15 12:40:00 AM BST,{ },{ok},3120.0 mbar
25-Aug-15 12:45:00 AM BST,{ },{ok},3105.0 mbar
25-Aug-15 12:50:00 AM BST,{ },{ok},3105.0 mbar
25-Aug-15 12:55:00 AM BST,{ },{ok},3098.0 mbar
25-Aug-15 1:00:00 AM BST,{ },{ok},3120.0 mbar
25-Aug-15 1:05:00 AM BST,{ },{ok},3068.0 mbar
25-Aug-15 1:10:00 AM BST,{ },{ok},3068.0 mbar
25-Aug-15 1:15:00 AM BST,{ },{ok},3120.0 mbar
25-Aug-15 1:20:00 AM BST,{ },{ok},3090.0 mbar
25-Aug-15 1:25:00 AM BST,{ },{ok},3090.0 mbar
25-Aug-15 1:30:00 AM BST,{ },{ok},485.0 mbar
25-Aug-15 1:35:00 AM BST,{ },{ok},3061.0 mbar
25-Aug-15 1:40:00 AM BST,{ },{ok},3105.0 mbar
25-Aug-15 1:45:00 AM BST,{ },{ok},3076.0 mbar
25-Aug-15 1:50:00 AM BST,{ },{ok},24.0 mbar
25-Aug-15 1:55:00 AM BST,{ },{ok},17.0 mbar
25-Aug-15 2:00:00 AM BST,{ },{ok},3068.0 mbar
25-Aug-15 2:05:00 AM BST,{ },{ok},3120.0 mbar
25-Aug-15 2:10:00 AM BST,{ },{ok},3120.0 mbar
25-Aug-15 2:15:00 AM BST,{ },{ok},3061.0 mbar
25-Aug-15 2:20:00 AM BST,{ },{ok},3120.0 mbar
25-Aug-15 2:25:00 AM BST,{ },{ok},3112.0 mbar
25-Aug-15 2:30:00 AM BST,{ },{ok},3076.0 mbar
25-Aug-15 2:35:00 AM BST,{ },{ok},3083.0 mbar
25-Aug-15 2:40:00 AM BST,{ },{ok},3068.0 mbar
25-Aug-15 2:45:00 AM BST,{ },{ok},3098.0 mbar
25-Aug-15 2:50:00 AM BST,{ },{ok},17.0 mbar
25-Aug-15 2:55:00 AM BST,{ },{ok},17.0 mbar
25-Aug-15 3:00:00 AM BST,{ },{ok},3112.0 mbar
25-Aug-15 3:05:00 AM BST,{ },{ok},24.0 mbar
25-Aug-15 3:10:00 AM BST,{ },{ok},3156.0 mbar
25-Aug-15 3:15:00 AM BST,{ },{ok},3112.0 mbar
25-Aug-15 3:20:00 AM BST,{ },{ok},3112.0 mbar
25-Aug-15 3:25:00 AM BST,{ },{ok},3076.0 mbar
25-Aug-15 3:30:00 AM BST,{ },{ok},3105.0 mbar
25-Aug-15 3:35:00 AM BST,{ },{ok},3112.0 mbar
25-Aug-15 3:40:00 AM BST,{ },{ok},3120.0 mbar
25-Aug-15 3:45:00 AM BST,{ },{ok},3120.0 mbar
25-Aug-15 3:50:00 AM BST,{ },{ok},3127.0 mbar
25-Aug-15 3:55:00 AM BST,{ },{ok},3120.0 mbar
25-Aug-15 4:00:00 AM BST,{ },{ok},3207.0 mbar
25-Aug-15 4:05:00 AM BST,{ },{ok},3002.0 mbar
25-Aug-15 4:10:00 AM BST,{ },{ok},17.0 mbar
25-Aug-15 4:15:00 AM BST,{ },{ok},3039.0 mbar
25-Aug-15 4:20:00 AM BST,{ },{ok},3141.0 mbar
25-Aug-15 4:25:00 AM BST,{ },{ok},3068.0 mbar
25-Aug-15 4:30:00 AM BST,{ },{ok},3105.0 mbar
25-Aug-15 4:35:00 AM BST,{ },{ok},3068.0 mbar
25-Aug-15 4:40:00 AM BST,{ },{ok},3105.0 mbar
25-Aug-15 4:45:00 AM BST,{ },{ok},3076.0 mbar
25-Aug-15 4:50:00 AM BST,{ },{ok},3024.0 mbar
25-Aug-15 4:55:00 AM BST,{ },{ok},3046.0 mbar
25-Aug-15 5:00:00 AM BST,{ },{ok},3083.0 mbar
25-Aug-15 5:05:00 AM BST,{ },{ok},3112.0 mbar
25-Aug-15 5:10:00 AM BST,{ },{ok},3120.0 mbar
25-Aug-15 5:15:00 AM BST,{ },{ok},3105.0 mbar
25-Aug-15 5:20:00 AM BST,{ },{ok},3105.0 mbar
25-Aug-15 5:25:00 AM BST,{ },{ok},3120.0 mbar
25-Aug-15 5:30:00 AM BST,{ },{ok},3105.0 mbar
25-Aug-15 5:35:00 AM BST,{ },{ok},3105.0 mbar
25-Aug-15 5:40:00 AM BST,{ },{ok},17.0 mbar
25-Aug-15 5:45:00 AM BST,{ },{ok},3083.0 mbar
25-Aug-15 5:50:00 AM BST,{ },{ok},3076.0 mbar
25-Aug-15 5:55:00 AM BST,{ },{ok},3120.0 mbar
25-Aug-15 6:00:00 AM BST,{ },{ok},3076.0 mbar
25-Aug-15 6:05:00 AM BST,{ },{ok},2988.0 mbar
25-Aug-15 6:10:00 AM BST,{ },{ok},3112.0 mbar
25-Aug-15 6:15:00 AM BST,{ },{ok},3046.0 mbar
25-Aug-15 6:20:00 AM BST,{ },{ok},3112.0 mbar
25-Aug-15 6:25:00 AM BST,{ },{ok},3090.0 mbar
25-Aug-15 6:30:00 AM BST,{ },{ok},2746.0 mbar
25-Aug-15 6:35:00 AM BST,{ },{ok},3127.0 mbar
25-Aug-15 6:40:00 AM BST,{ },{ok},3090.0 mbar
25-Aug-15 6:45:00 AM BST,{ },{ok},3098.0 mbar
25-Aug-15 6:50:00 AM BST,{ },{ok},3120.0 mbar
25-Aug-15 6:55:00 AM BST,{ },{ok},3112.0 mbar
25-Aug-15 7:00:00 AM BST,{ },{ok},17.0 mbar
25-Aug-15 7:05:00 AM BST,{ },{ok},3098.0 mbar
25-Aug-15 7:10:00 AM BST,{ },{ok},3068.0 mbar
25-Aug-15 7:15:00 AM BST,{ },{ok},24.0 mbar
25-Aug-15 7:20:00 AM BST,{ },{ok},3090.0 mbar
25-Aug-15 7:25:00 AM BST,{ },{ok},3068.0 mbar
25-Aug-15 7:30:00 AM BST,{ },{ok},3061.0 mbar
25-Aug-15 7:35:00 AM BST,{ },{ok},3120.0 mbar
25-Aug-15 7:40:00 AM BST,{ },{ok},3112.0 mbar
25-Aug-15 7:45:00 AM BST,{ },{ok},3127.0 mbar
25-Aug-15 7:50:00 AM BST,{ },{ok},24.0 mbar
25-Aug-15 7:55:00 AM BST,{ },{ok},3076.0 mbar
25-Aug-15 8:00:00 AM BST,{ },{ok},3120.0 mbar
25-Aug-15 8:05:00 AM BST,{ },{ok},3127.0 mbar
25-Aug-15 8:10:00 AM BST,{ },{ok},3112.0 mbar
25-Aug-15 8:15:00 AM BST,{ },{ok},3105.0 mbar
25-Aug-15 8:20:00 AM BST,{ },{ok},3083.0 mbar
25-Aug-15 8:25:00 AM BST,{ },{ok},3127.0 mbar
25-Aug-15 8:30:00 AM BST,{ },{ok},3112.0 mbar
25-Aug-15 8:35:00 AM BST,{ },{ok},3090.0 mbar
25-Aug-15 8:40:00 AM BST,{ },{ok},3127.0 mbar
25-Aug-15 8:45:00 AM BST,{ },{ok},3149.0 mbar
25-Aug-15 8:50:00 AM BST,{ },{ok},3120.0 mbar
25-Aug-15 8:55:00 AM BST,{ },{ok},3120.0 mbar
25-Aug-15 9:00:00 AM BST,{ },{ok},3105.0 mbar
25-Aug-15 9:05:00 AM BST,{ },{ok},3120.0 mbar
25-Aug-15 9:10:00 AM BST,{ },{ok},3120.0 mbar
25-Aug-15 9:15:00 AM BST,{ },{ok},3054.0 mbar
25-Aug-15 9:20:00 AM BST,{ },{ok},3112.0 mbar
25-Aug-15 9:25:00 AM BST,{ },{ok},3112.0 mbar
25-Aug-15 9:30:00 AM BST,{ },{ok},3120.0 mbar
25-Aug-15 9:35:00 AM BST,{ },{ok},3112.0 mbar
25-Aug-15 9:40:00 AM BST,{ },{ok},3120.0 mbar
25-Aug-15 9:45:00 AM BST,{ },{ok},3120.0 mbar
25-Aug-15 9:50:00 AM BST,{ },{ok},3120.0 mbar
25-Aug-15 9:55:00 AM BST,{ },{ok},3046.0 mbar
25-Aug-15 10:00:00 AM BST,{ },{ok},2988.0 mbar
25-Aug-15 10:05:00 AM BST,{ },{ok},17.0 mbar
25-Aug-15 10:10:00 AM BST,{ },{ok},17.0 mbar
25-Aug-15 10:15:00 AM BST,{ },{ok},3120.0 mbar
25-Aug-15 10:20:00 AM BST,{ },{ok},3098.0 mbar
25-Aug-15 10:25:00 AM BST,{ },{ok},3120.0 mbar
25-Aug-15 10:30:00 AM BST,{ },{ok},3120.0 mbar
25-Aug-15 10:35:00 AM BST,{ },{ok},3120.0 mbar
25-Aug-15 10:40:00 AM BST,{ },{ok},3105.0 mbar
25-Aug-15 10:45:00 AM BST,{ },{ok},3120.0 mbar
25-Aug-15 10:50:00 AM BST,{ },{ok},3120.0 mbar
25-Aug-15 10:55:00 AM BST,{ },{ok},3127.0 mbar
25-Aug-15 11:00:00 AM BST,{ },{ok},3120.0 mbar
25-Aug-15 11:05:00 AM BST,{ },{ok},3105.0 mbar
25-Aug-15 11:10:00 AM BST,{ },{ok},3112.0 mbar
25-Aug-15 11:15:00 AM BST,{ },{ok},3098.0 mbar
25-Aug-15 11:20:00 AM BST,{ },{ok},3120.0 mbar
25-Aug-15 11:25:00 AM BST,{ },{ok},3120.0 mbar
25-Aug-15 11:30:00 AM BST,{ },{ok},3105.0 mbar
25-Aug-15 11:35:00 AM BST,{ },{ok},3112.0 mbar
25-Aug-15 11:40:00 AM BST,{ },{ok},317.0 mbar
25-Aug-15 11:45:00 AM BST,{ },{ok},3098.0 mbar
25-Aug-15 11:50:00 AM BST,{ },{ok},3105.0 mbar
25-Aug-15 11:55:00 AM BST,{ },{ok},3141.0 mbar
25-Aug-15 12:00:00 PM BST,{ },{ok},3112.0 mbar
25-Aug-15 12:05:00 PM BST,{ },{ok},3068.0 mbar
25-Aug-15 12:10:00 PM BST,{ },{ok},2995.0 mbar
25-Aug-15 12:15:00 PM BST,{ },{ok},3120.0 mbar
25-Aug-15 12:20:00 PM BST,{ },{ok},3120.0 mbar
25-Aug-15 12:25:00 PM BST,{ },{ok},3120.0 mbar
25-Aug-15 12:30:00 PM BST,{ },{ok},3120.0 mbar
25-Aug-15 12:35:00 PM BST,{ },{ok},3120.0 mbar
25-Aug-15 12:40:00 PM BST,{ },{ok},24.0 mbar
25-Aug-15 12:45:00 PM BST,{ },{ok},3288.0 mbar
25-Aug-15 12:50:00 PM BST,{ },{ok},3076.0 mbar
25-Aug-15 12:55:00 PM BST,{ },{ok},3120.0 mbar
25-Aug-15 1:00:00 PM BST,{ },{ok},3083.0 mbar
25-Aug-15 1:05:00 PM BST,{ },{ok},3083.0 mbar
25-Aug-15 1:10:00 PM BST,{ },{ok},24.0 mbar
25-Aug-15 1:15:00 PM BST,{ },{ok},3098.0 mbar
25-Aug-15 1:20:00 PM BST,{ },{ok},24.0 mbar
25-Aug-15 1:25:00 PM BST,{ },{ok},588.0 mbar
25-Aug-15 1:30:00 PM BST,{ },{ok},3098.0 mbar
25-Aug-15 1:35:00 PM BST,{ },{ok},24.0 mbar
25-Aug-15 1:40:00 PM BST,{ },{ok},3098.0 mbar
25-Aug-15 1:45:00 PM BST,{ },{ok},3098.0 mbar
25-Aug-15 1:50:00 PM BST,{ },{ok},2944.0 mbar
25-Aug-15 1:55:00 PM BST,{ },{ok},3112.0 mbar
25-Aug-15 2:00:00 PM BST,{ },{ok},3105.0 mbar
25-Aug-15 2:05:00 PM BST,{ },{ok},3112.0 mbar
25-Aug-15 2:10:00 PM BST,{ },{ok},3361.0 mbar
25-Aug-15 2:15:00 PM BST,{ },{ok},2966.0 mbar
25-Aug-15 2:20:00 PM BST,{ },{ok},3002.0 mbar
25-Aug-15 2:25:00 PM BST,{ },{ok},3010.0 mbar
25-Aug-15 2:30:00 PM BST,{ },{ok},3017.0 mbar
25-Aug-15 2:35:00 PM BST,{ },{ok},3017.0 mbar
25-Aug-15 2:40:00 PM BST,{ },{ok},2988.0 mbar
25-Aug-15 2:45:00 PM BST,{ },{ok},2995.0 mbar
25-Aug-15 2:50:00 PM BST,{ },{ok},3010.0 mbar
25-Aug-15 2:55:00 PM BST,{ },{ok},3120.0 mbar
25-Aug-15 3:00:00 PM BST,{ },{ok},3120.0 mbar
25-Aug-15 3:05:00 PM BST,{ },{ok},3112.0 mbar
25-Aug-15 3:10:00 PM BST,{ },{ok},3120.0 mbar
25-Aug-15 3:15:00 PM BST,{ },{ok},3244.0 mbar
25-Aug-15 3:20:00 PM BST,{ },{ok},3105.0 mbar
25-Aug-15 3:25:00 PM BST,{ },{ok},3083.0 mbar
25-Aug-15 3:30:00 PM BST,{ },{ok},3090.0 mbar
25-Aug-15 3:35:00 PM BST,{ },{ok},3083.0 mbar
25-Aug-15 3:40:00 PM BST,{ },{ok},3076.0 mbar
25-Aug-15 3:45:00 PM BST,{ },{ok},3083.0 mbar
